ds,trend,yhat_lower,yhat_upper,trend_lower,trend_upper,additive_terms,additive_terms_lower,additive_terms_upper,weekly,weekly_lower,weekly_upper,yearly,yearly_lower,yearly_upper,multiplicative_terms,multiplicative_terms_lower,multiplicative_terms_upper,yhat
2009-12-01,12584.783133897601,37202.33238800468,62643.96668994424,12584.783133897601,12584.783133897601,37587.93083961216,37587.93083961216,37587.93083961216,6585.659019413564,6585.659019413564,6585.659019413564,31002.2718201986,31002.2718201986,31002.2718201986,0.0,0.0,0.0,50172.713973509766
2009-12-02,12653.531628137205,34459.15234230062,59105.419613282305,12653.531628137205,12653.531628137205,33959.37822139177,33959.37822139177,33959.37822139177,3837.4880344806515,3837.4880344806515,3837.4880344806515,30121.89018691112,30121.89018691112,30121.89018691112,0.0,0.0,0.0,46612.90984952898
2009-12-03,12722.28012237681,40698.70370463186,66435.51645242397,12722.28012237681,12722.28012237681,40418.420504264104,40418.420504264104,40418.420504264104,11316.404729957501,11316.404729957501,11316.404729957501,29102.015774306597,29102.015774306597,29102.015774306597,0.0,0.0,0.0,53140.700626640915
2009-12-04,12791.028616616415,30727.51321380176,54827.28952674628,12791.028616616415,12791.028616616415,29902.346074882367,29902.346074882367,29902.346074882367,1949.0960301274088,1949.0960301274088,1949.0960301274088,27953.25004475496,27953.25004475496,27953.25004475496,0.0,0.0,0.0,42693.374691498786
2009-12-05,12859.777110856021,-127.25028565237457,24836.636566026482,12859.777110856021,12859.777110856021,-251.43124228735428,-251.43124228735428,-251.43124228735428,-26939.079172732105,-26939.079172732105,-26939.079172732105,26687.64793044475,26687.64793044475,26687.64793044475,0.0,0.0,0.0,12608.345868568667
2009-12-06,12928.525605095625,22744.295696641493,47605.16817806865,12928.525605095625,12928.525605095625,22083.316684492773,22083.316684492773,22083.316684492773,-3235.2948954769827,-3235.2948954769827,-3235.2948954769827,25318.611579969758,25318.611579969758,25318.611579969758,0.0,0.0,0.0,35011.8422895884
2009-12-07,12997.274099335229,30790.82874368278,56410.263721394935,12997.274099335229,12997.274099335229,30346.48552226914,30346.48552226914,30346.48552226914,6485.726254327286,6485.726254327286,6485.726254327286,23860.759267941856,23860.759267941856,23860.759267941856,0.0,0.0,0.0,43343.75962160437
2009-12-08,13066.022593574835,30109.932774225294,54736.94357778958,13066.022593574835,13066.022593574835,28915.428497497713,28915.428497497713,28915.428497497713,6585.659019431441,6585.659019431441,6585.659019431441,22329.769478066268,22329.769478066268,22329.769478066268,0.0,0.0,0.0,41981.45109107255
2009-12-09,13134.771087814439,24842.2967906361,49312.15625342765,13134.771087814439,13134.771087814439,24579.68887698426,24579.68887698426,24579.68887698426,3837.488034496339,3837.488034496339,3837.488034496339,20742.20084248792,20742.20084248792,20742.20084248792,0.0,0.0,0.0,37714.4599647987
2009-12-10,13203.519582054043,31501.89441016725,56254.42855040952,13203.519582054043,13203.519582054043,30431.69406501062,30431.69406501062,30431.69406501062,11316.404729916148,11316.404729916148,11316.404729916148,19115.28933509447,19115.28933509447,19115.28933509447,0.0,0.0,0.0,43635.213647064666
2009-12-11,13272.268076641098,20724.752585673592,44698.98613960537,13272.268076641098,13272.268076641098,19415.820881888667,19415.820881888667,19415.820881888667,1949.0960301128491,1949.0960301128491,1949.0960301128491,17466.724851775816,17466.724851775816,17466.724851775816,0.0,0.0,0.0,32688.088958529763
2009-12-13,13409.765065815203,11412.382236709018,36381.31583986094,13409.765065815203,13409.765065815203,10940.91006049143,10940.91006049143,10940.91006049143,-3235.294895459758,-3235.294895459758,-3235.294895459758,14176.204955951187,14176.204955951187,14176.204955951187,0.0,0.0,0.0,24350.675126306633
2009-12-14,13478.513560402258,20905.625790775255,44907.890651541056,13478.513560402258,13478.513560402258,19055.38798269582,19055.38798269582,19055.38798269582,6485.726254313845,6485.726254313845,6485.726254313845,12569.661728381972,12569.661728381972,12569.661728381972,0.0,0.0,0.0,32533.901543098076
2009-12-15,13547.26205498931,18825.03888853398,44118.53991539116,13547.26205498931,13547.26205498931,17597.4130923415,17597.4130923415,17597.4130923415,6585.659019436723,6585.659019436723,6585.659019436723,11011.754072904778,11011.754072904778,11011.754072904778,0.0,0.0,0.0,31144.67514733081
2009-12-16,13616.010549576364,15090.829989166064,39733.406583978656,13616.010549576364,13616.010549576364,13356.094886077473,13356.094886077473,13356.094886077473,3837.4880344916455,3837.4880344916455,3837.4880344916455,9518.606851585828,9518.606851585828,9518.606851585828,0.0,0.0,0.0,26972.105435653837
2009-12-17,13684.759044163418,19838.35749698642,45409.70967604029,13684.759044163418,13684.759044163418,19421.63604507445,19421.63604507445,19421.63604507445,11316.40472990788,11316.40472990788,11316.40472990788,8105.231315166567,8105.231315166567,8105.231315166567,0.0,0.0,0.0,33106.39508923787
2009-12-18,13753.507538750471,9392.134261471369,34354.76855322493,13753.507538750471,13753.507538750471,8734.367858136255,8734.367858136255,8734.367858136255,1949.0960300982886,1949.0960300982886,1949.0960300982886,6785.271828037966,6785.271828037966,6785.271828037966,0.0,0.0,0.0,22487.875396886724
2009-12-20,13891.004527924579,2568.662743810679,26525.19296512181,13891.004527924579,13891.004527924579,1236.6567334029533,1236.6567334029533,1236.6567334029533,-3235.2948954425337,-3235.2948954425337,-3235.2948954425337,4471.951628845487,4471.951628845487,4471.951628845487,0.0,0.0,0.0,15127.661261327532
2009-12-21,13959.753022511633,11237.118965940144,36121.208303678846,13959.753022511633,13959.753022511633,9982.769301716642,9982.769301716642,9982.769301716642,6485.726254334603,6485.726254334603,6485.726254334603,3497.043047382038,3497.043047382038,3497.043047382038,0.0,0.0,0.0,23942.522324228274
2009-12-22,14028.501518046529,11180.528548937866,35866.87020066865,14028.501518046529,14028.501518046529,9237.77914359474,9237.77914359474,9237.77914359474,6585.659019422092,6585.659019422092,6585.659019422092,2652.1201241726485,2652.1201241726485,2652.1201241726485,0.0,0.0,0.0,23266.28066164127
2009-12-23,14097.250013581424,7587.522632892191,32270.834366622475,14097.250013581424,14097.250013581424,5778.484253398579,5778.484253398579,5778.484253398579,3837.4880344709336,3837.4880344709336,3837.4880344709336,1940.9962189276466,1940.9962189276466,1940.9962189276466,0.0,0.0,0.0,19875.734266980005
2010-01-04,14922.231960000168,11229.86467960957,36148.81855564337,14922.231960000168,14922.231960000168,8687.86411833573,8687.86411833573,8687.86411833573,6485.7262543299,6485.7262543299,6485.7262543299,2202.137864005831,2202.137864005831,2202.137864005831,0.0,0.0,0.0,23610.096078335897
2010-01-05,14990.980455535064,11649.867785756196,36448.24688037393,14990.980455535064,14990.980455535064,9203.620968619385,9203.620968619385,9203.620968619385,6585.659019425337,6585.659019425337,6585.659019425337,2617.961949194047,2617.961949194047,2617.961949194047,0.0,0.0,0.0,24194.601424154447
2010-01-06,15059.72895106996,9073.336948336611,34874.67606796325,15059.72895106996,15059.72895106996,6862.386327248202,6862.386327248202,6862.386327248202,3837.4880344455246,3837.4880344455246,3837.4880344455246,3024.8982928026776,3024.8982928026776,3024.8982928026776,0.0,0.0,0.0,21922.11527831816
2010-01-07,15128.477446604855,17325.219668547586,42440.365428859994,15128.477446604855,15128.477446604855,14724.498301357808,14724.498301357808,14724.498301357808,11316.404729918475,11316.404729918475,11316.404729918475,3408.0935714393345,3408.0935714393345,3408.0935714393345,0.0,0.0,0.0,29852.975747962664
2010-01-08,15197.225942139752,7747.365108508835,33252.58849740954,15197.225942139752,15197.225942139752,5702.870561252074,5702.870561252074,5702.870561252074,1949.0960300860418,1949.0960300860418,1949.0960300860418,3753.774531166033,3753.774531166033,3753.774531166033,0.0,0.0,0.0,20900.096503391826
2010-01-10,15334.72293320954,2914.851425796526,29954.45036478782,15334.72293320954,15334.72293320954,1049.358670095226,1049.358670095226,1049.358670095226,-3235.294895495067,-3235.294895495067,-3235.294895495067,4284.653565590293,4284.653565590293,4284.653565590293,0.0,0.0,0.0,16384.081603304767
2010-01-11,15403.471429743198,13596.212098168553,39572.97126625284,15403.471429743198,15403.471429743198,10935.939998527521,10935.939998527521,10935.939998527521,6485.7262543063025,6485.7262543063025,6485.7262543063025,4450.21374422122,4450.21374422122,4450.21374422122,0.0,0.0,0.0,26339.41142827072
2010-01-12,15472.219926276855,13477.90584512468,38977.48781136193,15472.219926276855,15472.219926276855,11125.049363911234,11125.049363911234,11125.049363911234,6585.65901939811,6585.65901939811,6585.65901939811,4539.390344513124,4539.390344513124,4539.390344513124,0.0,0.0,0.0,26597.269290188087
2010-01-13,15540.968422810516,11337.670281082246,36600.57661105451,15540.968422810516,15540.968422810516,8385.016132138906,8385.016132138906,8385.016132138906,3837.488034461214,3837.488034461214,3837.488034461214,4547.528097677691,4547.528097677691,4547.528097677691,0.0,0.0,0.0,23925.98455494942
2010-01-14,15609.716919344175,19424.94582136351,43854.25330921704,15609.716919344175,15609.716919344175,15788.635529476729,15788.635529476729,15788.635529476729,11316.404729911366,11316.404729911366,11316.404729911366,4472.2307995653655,4472.2307995653655,4472.2307995653655,0.0,0.0,0.0,31398.352448820904
2010-01-15,15678.465415877832,9443.12004661739,34508.387319075904,15678.465415877832,15678.465415877832,6262.481070282177,6262.481070282177,6262.481070282177,1949.0960300714798,1949.0960300714798,1949.0960300714798,4313.385040210696,4313.385040210696,4313.385040210696,0.0,0.0,0.0,21940.94648616001
2010-01-17,15815.962408945148,3077.8172216828275,28287.670078705385,15815.962408945148,15815.962408945148,520.46797552487,520.46797552487,520.46797552487,-3235.294895522492,-3235.294895522492,-3235.294895522492,3755.762871047362,3755.762871047362,3755.762871047362,0.0,0.0,0.0,16336.430384470019
2010-01-18,15884.710905478809,13640.608127465295,39257.32289954301,15884.710905478809,15884.710905478809,9853.341864958946,9853.341864958946,9853.341864958946,6485.726254315039,6485.726254315039,6485.726254315039,3367.615610643905,3367.615610643905,3367.615610643905,0.0,0.0,0.0,25738.052770437753
2010-01-19,15953.459402012466,13905.224732619721,39169.1771634693,15953.459402012466,15953.459402012466,9502.509641075892,9502.509641075892,9502.509641075892,6585.659019415985,6585.659019415985,6585.659019415985,2916.8506216599076,2916.8506216599076,2916.8506216599076,0.0,0.0,0.0,25455.969043088357
2010-01-20,16022.207898546123,9233.311066870092,34760.51855633893,16022.207898546123,16022.207898546123,6250.72412033398,6250.72412033398,6250.72412033398,3837.4880344929193,3837.4880344929193,3837.4880344929193,2413.2360858410607,2413.2360858410607,2413.2360858410607,0.0,0.0,0.0,22272.932018880103
2010-01-21,16090.955838072347,16621.10078598371,41928.83811297746,16090.955838072347,16090.955838072347,13184.27809478806,13184.27809478806,13184.27809478806,11316.404729904254,11316.404729904254,11316.404729904254,1867.8733648838065,1867.8733648838065,1867.8733648838065,0.0,0.0,0.0,29275.233932860407
2010-01-22,16159.703777598568,6485.093391119672,32206.25270485396,16159.703777598568,16159.703777598568,3241.990669261319,3241.990669261319,3241.990669261319,1949.0960300883535,1949.0960300883535,1949.0960300883535,1292.8946391729655,1292.8946391729655,1292.8946391729655,0.0,0.0,0.0,19401.69444685989
2010-01-24,16297.199656651015,891.1461393908445,25825.402426887715,16297.199656651015,16297.199656651015,-3129.4933898448376,-3129.4933898448376,-3129.4933898448376,-3235.294895512723,-3235.294895512723,-3235.294895512723,105.80150566788546,105.80150566788546,105.80150566788546,0.0,0.0,0.0,13167.706266806177
2010-01-25,16365.947596177237,9294.979065566627,35157.42869468113,16365.947596177237,16365.947596177237,6005.832151241047,6005.832151241047,6005.832151241047,6485.726254323777,6485.726254323777,6485.726254323777,-479.8941030827301,-479.8941030827301,-479.8941030827301,0.0,0.0,0.0,22371.779747418284
2010-01-26,16434.695535703457,10700.82433226244,34882.72790364662,16434.695535703457,16434.695535703457,5542.599309229817,5542.599309229817,5542.599309229817,6585.659019401356,6585.659019401356,6585.659019401356,-1043.0597101715393,-1043.0597101715393,-1043.0597101715393,0.0,0.0,0.0,21977.294844933273
2010-01-27,16503.44347522968,6285.965497146965,30837.819058996705,16503.44347522968,16503.44347522968,2266.0225689802696,2266.0225689802696,2266.0225689802696,3837.488034451826,3837.488034451826,3837.488034451826,-1571.4654654715569,-1571.4654654715569,-1571.4654654715569,0.0,0.0,0.0,18769.46604420995
2010-01-28,16572.1914147559,12982.640397167947,37700.96927265419,16572.1914147559,16572.1914147559,9262.550796317548,9262.550796317548,9262.550796317548,11316.404729929067,11316.404729929067,11316.404729929067,-2053.853933611519,-2053.853933611519,-2053.853933611519,0.0,0.0,0.0,25834.742211073448
2010-01-29,16640.939354282124,4446.812714654818,28831.760071396613,16640.939354282124,16640.939354282124,-531.1276635881493,-531.1276635881493,-531.1276635881493,1949.096030073793,1949.096030073793,1949.096030073793,-2480.2236936619424,-2480.2236936619424,-2480.2236936619424,0.0,0.0,0.0,16109.811690693974
2010-01-31,16778.43523333457,-2981.1879079755067,22833.634615010622,16778.43523333457,16778.43523333457,-6367.92027358798,-6367.92027358798,-6367.92027358798,-3235.294895488044,-3235.294895488044,-3235.294895488044,-3132.6253780999355,-3132.6253780999355,-3132.6253780999355,0.0,0.0,0.0,10410.51495974659
2010-02-01,16847.183171302328,8250.489638256044,33900.69226286058,16847.183171302328,16847.183171302328,3138.7790865631428,3138.7790865631428,3138.7790865631428,6485.726254332514,6485.726254332514,6485.726254332514,-3346.9471677693714,-3346.9471677693714,-3346.9471677693714,0.0,0.0,0.0,19985.96225786547
2010-02-02,16915.931109270085,7092.447112831247,32080.824840275458,16915.931109270085,16915.931109270085,3103.564693923777,3103.564693923777,3103.564693923777,6585.659019439144,6585.659019439144,6585.659019439144,-3482.0943255153675,-3482.0943255153675,-3482.0943255153675,0.0,0.0,0.0,20019.495803193862
2010-02-03,16984.679047237845,4476.973261187502,30610.6827035311,16984.679047237845,16984.679047237845,300.3433510616467,300.3433510616467,300.3433510616467,3837.488034467513,3837.488034467513,3837.488034467513,-3537.1446834058665,-3537.1446834058665,-3537.1446834058665,0.0,0.0,0.0,17285.02239829949
2010-02-04,17053.426985205606,12375.08815065871,38289.04532331308,17053.426985205606,17053.426985205606,7803.205387536689,7803.205387536689,7803.205387536689,11316.404729888874,11316.404729888874,11316.404729888874,-3513.1993423521862,-3513.1993423521862,-3513.1993423521862,0.0,0.0,0.0,24856.632372742293
2010-02-05,17122.174923173367,4109.1468819730835,28861.224456799864,17122.174923173367,17122.174923173367,-1464.2293436340262,-1464.2293436340262,-1464.2293436340262,1949.096030059233,1949.096030059233,1949.096030059233,-3413.3253736932593,-3413.3253736932593,-3413.3253736932593,0.0,0.0,0.0,15657.94557953934
2010-02-07,17259.670799108884,-2537.802650898732,24223.76481565249,17259.670799108884,17259.670799108884,-6242.4749707728415,-6242.4749707728415,-6242.4749707728415,-3235.294895515469,-3235.294895515469,-3235.294895515469,-3007.180075257373,-3007.180075257373,-3007.180075257373,0.0,0.0,0.0,11017.195828336044
2010-02-08,17328.41873707664,9026.886086079201,33140.76041142316,17328.41873707664,17328.41873707664,3770.0860864613755,3770.0860864613755,3770.0860864613755,6485.726254308917,6485.726254308917,6485.726254308917,-2715.640167847543,-2715.640167847543,-2715.640167847543,0.0,0.0,0.0,21098.504823538016
2010-02-09,17397.1666750444,9228.786260238725,33636.60934466578,17397.1666750444,17397.1666750444,4208.4715273126285,4208.4715273126285,4208.4715273126285,6585.659019424513,6585.659019424513,6585.659019424513,-2377.1874921118842,-2377.1874921118842,-2377.1874921118842,0.0,0.0,0.0,21605.638202357026
2010-02-10,17465.91461301216,7173.815224945457,32219.09917724953,17465.91461301216,17465.91461301216,1835.32970576925,1835.32970576925,1835.32970576925,3837.488034446799,3837.488034446799,3837.488034446799,-2002.1583286775485,-2002.1583286775485,-2002.1583286775485,0.0,0.0,0.0,19301.24431878141
2010-02-11,17534.662552010635,16011.604617442777,40149.68446063559,17534.662552010635,17534.662552010635,9714.839572191653,9714.839572191653,9714.839572191653,11316.40472991485,11316.40472991485,11316.40472991485,-1601.5651577231974,-1601.5651577231974,-1601.5651577231974,0.0,0.0,0.0,27249.50212420229
2010-02-12,17603.410491009112,6473.007577130218,30784.611767896244,17603.410491009112,17603.410491009112,762.3135242253256,762.3135242253256,762.3135242253256,1949.096030044671,1949.096030044671,1949.096030044671,-1186.782505819345,-1186.782505819345,-1186.782505819345,0.0,0.0,0.0,18365.72401523444
2010-02-14,17740.906369006065,650.5963857636799,26979.216734143505,17740.906369006065,17740.906369006065,-3595.3296420856136,-3595.3296420856136,-3595.3296420856136,-3235.2948954982435,-3235.2948954982435,-3235.2948954982435,-360.03474658736934,-360.03474658736934,-360.03474658736934,0.0,0.0,0.0,14145.576726920452
2010-02-15,17809.65430800454,11675.827801376332,37324.84673410136,17809.65430800454,17809.65430800454,6515.963576894555,6515.963576894555,6515.963576894555,6485.72625433983,6485.72625433983,6485.72625433983,30.237322554725072,30.237322554725072,30.237322554725072,0.0,0.0,0.0,24325.617884899097
2010-02-16,17878.402247003018,12611.512328958728,36447.627116526215,17878.402247003018,17878.402247003018,6977.56611023887,6977.56611023887,6977.56611023887,6585.659019397287,6585.659019397287,6585.659019397287,391.90709084158334,391.90709084158334,391.90709084158334,0.0,0.0,0.0,24855.968357241887
2010-02-17,17947.150186001494,9912.110214967244,34465.287661375674,17947.150186001494,17947.150186001494,4553.9104043781845,4553.9104043781845,4553.9104043781845,3837.488034498889,3837.488034498889,3837.488034498889,716.4223698792955,716.4223698792955,716.4223698792955,0.0,0.0,0.0,22501.06059037968
2010-02-18,18015.89812499997,18018.25893423867,43469.915970986185,18015.89812499997,18015.89812499997,12312.990762161204,12312.990762161204,12312.990762161204,11316.404729939663,11316.404729939663,11316.404729939663,996.5860322215437,996.5860322215437,996.5860322215437,0.0,0.0,0.0,30328.888887161174
2010-02-19,18084.646063998447,8622.22532698009,34377.421743945066,18084.646063998447,18084.646063998447,3175.835134479534,3175.835134479534,3175.835134479534,1949.0960300615454,1949.0960300615454,1949.0960300615454,1226.7391044179888,1226.7391044179888,1226.7391044179888,0.0,0.0,0.0,21260.48119847798
2010-02-21,18222.141941995396,4829.45155265674,29646.768833084607,18222.141941995396,18222.141941995396,-1712.454737342304,-1712.454737342304,-1712.454737342304,-3235.2948954735643,-3235.2948954735643,-3235.2948954735643,1522.8401581312608,1522.8401581312608,1522.8401581312608,0.0,0.0,0.0,16509.68720465309
2010-02-22,18290.88988028778,14036.817556641436,39394.46305429196,18290.88988028778,18290.88988028778,8071.868436216023,8071.868436216023,8071.868436216023,6485.72625432639,6485.72625432639,6485.72625432639,1586.1421818896329,1586.1421818896329,1586.1421818896329,0.0,0.0,0.0,26362.758316503805
2010-02-23,18359.637818580162,13751.13531688816,39216.23074866219,18359.637818580162,18359.637818580162,8179.818286586441,8179.818286586441,8179.818286586441,6585.659019402566,6585.659019402566,6585.659019402566,1594.1592671838748,1594.1592671838748,1594.1592671838748,0.0,0.0,0.0,26539.456105166602
2010-02-24,18428.385756872543,10678.985885521595,37233.23209517883,18428.385756872543,18428.385756872543,5387.4452519726065,5387.4452519726065,5387.4452519726065,3837.4880344577946,3837.4880344577946,3837.4880344577946,1549.9572175148112,1549.9572175148112,1549.9572175148112,0.0,0.0,0.0,23815.83100884515
2010-02-25,18497.13369516492,18947.767990381344,43929.4509036334,18497.13369516492,18497.13369516492,12774.597761045876,12774.597761045876,12774.597761045876,11316.40472993255,11316.40472993255,11316.40472993255,1458.1930311133262,1458.1930311133262,1458.1930311133262,0.0,0.0,0.0,31271.731456210797
2010-02-26,18565.881633457306,9079.364883092208,34836.967893853296,18565.881633457306,18565.881633457306,3274.045893893486,3274.045893893486,3274.045893893486,1949.0960300701984,1949.0960300701984,1949.0960300701984,1324.949863823288,1324.949863823288,1324.949863823288,0.0,0.0,0.0,21839.927527350792
2010-02-28,18703.377510042068,4578.596449030581,29572.998668093096,18703.377510042068,18703.377510042068,-2271.0752938093788,-2271.0752938093788,-2271.0752938093788,-3235.2948954637945,-3235.2948954637945,-3235.2948954637945,964.2196016544158,964.2196016544158,964.2196016544158,0.0,0.0,0.0,16432.30221623269
2010-03-01,18772.12544833445,13392.655921537586,39833.768234021896,18772.12544833445,18772.12544833445,7239.735900342942,7239.735900342942,7239.735900342942,6485.726254302792,6485.726254302792,6485.726254302792,754.0096460401502,754.0096460401502,754.0096460401502,0.0,0.0,0.0,26011.86134867739
2010-03-02,18840.87338662683,13608.558480730557,38328.65626550724,18840.87338662683,18840.87338662683,7121.977960407864,7121.977960407864,7121.977960407864,6585.659019420444,6585.659019420444,6585.659019420444,536.3189409874202,536.3189409874202,536.3189409874202,0.0,0.0,0.0,25962.851347034695
2010-03-03,18909.621322523333,10563.113770264243,35793.44035510021,18909.621322523333,18909.621322523333,4158.177822438934,4158.177822438934,4158.177822438934,3837.488034473482,3837.488034473482,3837.488034473482,320.6897879654517,320.6897879654517,320.6897879654517,0.0,0.0,0.0,23067.799144962268
2010-03-04,18978.36925841984,18158.939009074224,42544.3909631733,18978.36925841984,18978.36925841984,11432.89259725272,11432.89259725272,11432.89259725272,11316.404729958524,11316.404729958524,11316.404729958524,116.48786729419669,116.48786729419669,116.48786729419669,0.0,0.0,0.0,30411.261855672557
2010-03-05,19047.117194316343,8764.323757809783,33017.420242575914,19047.117194316343,19047.117194316343,1881.7036540942865,1881.7036540942865,1881.7036540942865,1949.0960300870695,1949.0960300870695,1949.0960300870695,-67.39237599278297,-67.39237599278297,-67.39237599278297,0.0,0.0,0.0,20928.82084841063
2010-03-07,19184.61306610935,2874.580557512336,27426.207388798495,19184.61306610935,19184.61306610935,-3577.9138685128814,-3577.9138685128814,-3577.9138685128814,-3235.2948954912204,-3235.2948954912204,-3235.2948954912204,-342.6189730216616,-342.6189730216616,-342.6189730216616,0.0,0.0,0.0,15606.699197596467
2010-03-08,19253.361002005855,12955.208921905409,37888.210634315554,19253.361002005855,19253.361002005855,6064.8041368861195,6064.8041368861195,6064.8041368861195,6485.726254311529,6485.726254311529,6485.726254311529,-420.92211742540934,-420.92211742540934,-420.92211742540934,0.0,0.0,0.0,25318.165138891974
2010-03-09,19322.108937902358,12416.979843832398,39153.391205316526,19322.108937902358,19322.108937902358,6132.429566083223,6132.429566083223,6132.429566083223,6585.6590194058135,6585.6590194058135,6585.6590194058135,-453.2294533225908,-453.2294533225908,-453.2294533225908,0.0,0.0,0.0,25454.538503985583
2010-03-10,19390.85687379886,9643.392635707907,36108.41267210384,19390.85687379886,19390.85687379886,3400.8710761539537,3400.8710761539537,3400.8710761539537,3837.48803448917,3837.48803448917,3837.48803448917,-436.616958335216,-436.616958335216,-436.616958335216,0.0,0.0,0.0,22791.727949952816
2010-03-11,19459.604809695364,17654.76570275334,42499.65409449308,19459.604809695364,19459.604809695364,10946.584153358428,10946.584153358428,10946.584153358428,11316.404729918333,11316.404729918333,11316.404729918333,-369.8205765599033,-369.8205765599033,-369.8205765599033,0.0,0.0,0.0,30406.18896305379
2010-03-12,19528.35274559187,8554.305881295211,33674.75005880037,19528.35274559187,19528.35274559187,1695.8131155974806,1695.8131155974806,1695.8131155974806,1949.0960301503692,1949.0960301503692,1949.0960301503692,-253.28291455288854,-253.28291455288854,-253.28291455288854,0.0,0.0,0.0,21224.16586118935
2010-03-14,19665.848615254366,3819.5287266018686,28641.98970188163,19665.848615254366,19665.848615254366,-3116.501368588719,-3116.501368588719,-3116.501368588719,-3235.294895473996,-3235.294895473996,-3235.294895473996,118.79352688527774,118.79352688527774,118.79352688527774,0.0,0.0,0.0,16549.347246665646
2010-03-15,19734.59655008562,13899.943606048992,38085.00326914326,19734.59655008562,19734.59655008562,6850.940214461541,6850.940214461541,6850.940214461541,6485.726254310109,6485.726254310109,6485.726254310109,365.2139601514308,365.2139601514308,365.2139601514308,0.0,0.0,0.0,26585.53676454716
2010-03-16,19803.344484916866,13936.607583654202,39896.001214254255,19803.344484916866,19803.344484916866,7229.057447849252,7229.057447849252,7229.057447849252,6585.6590194236915,6585.6590194236915,6585.6590194236915,643.3984284255613,643.3984284255613,643.3984284255613,0.0,0.0,0.0,27032.40193276612
2010-03-17,19872.092419748118,11043.741826425898,37724.73129047088,19872.092419748118,19872.092419748118,4782.930044166082,4782.930044166082,4782.930044166082,3837.488034484477,3837.488034484477,3837.488034484477,945.4420096816038,945.4420096816038,945.4420096816038,0.0,0.0,0.0,24655.0224639142
2010-03-18,19940.840354579366,20855.920953529007,44271.61236893622,19940.840354579366,19940.840354579366,12578.886311651857,12578.886311651857,12578.886311651857,11316.404729943148,11316.404729943148,11316.404729943148,1262.4815817087108,1262.4815817087108,1262.4815817087108,0.0,0.0,0.0,32519.726666231225
2010-03-19,20009.588289410618,10461.59466481193,36719.432310745346,20009.588289410618,20009.588289410618,3534.0539259171496,3534.0539259171496,3534.0539259171496,1949.0960301125963,1949.0960301125963,1949.0960301125963,1584.9578958045533,1584.9578958045533,1584.9578958045533,0.0,0.0,0.0,23543.642215327767
2010-03-21,20147.084159073118,6392.0061124977965,32511.88747085436,20147.084159073118,20147.084159073118,-1029.0719718916328,-1029.0719718916328,-1029.0719718916328,-3235.2948954567723,-3235.2948954567723,-3235.2948954567723,2206.2229235651394,2206.2229235651394,2206.2229235651394,0.0,0.0,0.0,19118.012187181484
2010-03-22,20215.832093904366,16783.183407848566,41513.34424567651,20215.832093904366,20215.832093904366,8970.758422869565,8970.758422869565,8970.758422869565,6485.726254330868,6485.726254330868,6485.726254330868,2485.0321685386966,2485.0321685386966,2485.0321685386966,0.0,0.0,0.0,29186.590516773933
2010-03-23,20284.58002873562,16883.581182491143,41533.53460086823,20284.58002873562,20284.58002873562,9315.581289238167,9315.581289238167,9315.581289238167,6585.659019396462,6585.659019396462,6585.659019396462,2729.922269841706,2729.922269841706,2729.922269841706,0.0,0.0,0.0,29600.16131797379
2010-03-24,20353.327962379957,14278.842544983685,39424.33107461613,20353.327962379957,20353.327962379957,6769.752452013994,6769.752452013994,6769.752452013994,3837.488034463764,3837.488034463764,3837.488034463764,2932.2644175502296,2932.2644175502296,2932.2644175502296,0.0,0.0,0.0,27123.080414393953
2010-03-25,20422.075896024304,21835.74272763891,47352.58282448134,20422.075896024304,20422.075896024304,14400.877095962544,14400.877095962544,14400.877095962544,11316.404729936035,11316.404729936035,11316.404729936035,3084.4723660265067,3084.4723660265067,3084.4723660265067,0.0,0.0,0.0,34822.95299198685
2010-03-26,20490.823829668647,12215.840260872523,38632.94247000423,20490.823829668647,20490.823829668647,5129.335534342342,5129.335534342342,5129.335534342342,1949.0960300748231,1949.0960300748231,1949.0960300748231,3180.2395042675184,3180.2395042675184,3180.2395042675184,0.0,0.0,0.0,25620.15936401099
2010-03-28,20628.31969695733,6949.821967703192,33899.988910601445,20628.31969695733,20628.31969695733,-50.50753936074381,-50.50753936074381,-50.50753936074381,-3235.2948954916515,-3235.2948954916515,-3235.2948954916515,3184.7873561309075,3184.7873561309075,3184.7873561309075,0.0,0.0,0.0,20577.812157596585
2010-03-29,20697.067630601672,17994.66231388841,43049.159708044965,20697.067630601672,20697.067630601672,9574.673672135277,9574.673672135277,9574.673672135277,6485.726254317427,6485.726254317427,6485.726254317427,3088.9474178178502,3088.9474178178502,3088.9474178178502,0.0,0.0,0.0,30271.741302736948
2010-03-30,20765.81556424602,18371.221460236247,42146.51502487662,20765.81556424602,20765.81556424602,9513.258250521205,9513.258250521205,9513.258250521205,6585.659019414341,6585.659019414341,6585.659019414341,2927.5992311068635,2927.5992311068635,2927.5992311068635,0.0,0.0,0.0,30279.073814767224
2010-03-31,20834.56349789036,15432.741091795016,40157.22475599539,20834.56349789036,20834.56349789036,6540.432874179347,6540.432874179347,6540.432874179347,3837.488034479452,3837.488034479452,3837.488034479452,2702.944839699895,2702.944839699895,2702.944839699895,0.0,0.0,0.0,27374.99637206971
2010-04-01,20903.311431534705,21769.051999038424,46916.41680274249,20903.311431534705,20903.311431534705,13735.370364697998,13735.370364697998,13735.370364697998,11316.404729927766,11316.404729927766,11316.404729927766,2418.9656347702316,2418.9656347702316,2418.9656347702316,0.0,0.0,0.0,34638.681796232704
2010-04-06,21247.051099756416,15661.32148275287,40276.36642592404,21247.051099756416,21247.051099756416,6942.7391371717595,6942.7391371717595,6942.7391371717595,6585.659019432218,6585.659019432218,6585.659019432218,357.08011773954206,357.08011773954206,357.08011773954206,0.0,0.0,0.0,28189.790236928176
2010-04-07,21315.799033157815,12629.88728662672,37093.141116224186,21315.799033157815,21315.799033157815,3720.0235258210773,3720.0235258210773,3720.0235258210773,3837.488034458738,3837.488034458738,3837.488034458738,-117.46450863766074,-117.46450863766074,-117.46450863766074,0.0,0.0,0.0,25035.822558978893
2010-04-08,21384.546966559206,18610.902919760905,44727.704317858566,21384.546966559206,21384.546966559206,10729.127864587044,10729.127864587044,10729.127864587044,11316.404729919495,11316.404729919495,11316.404729919495,-587.2768653324513,-587.2768653324513,-587.2768653324513,0.0,0.0,0.0,32113.67483114625
2010-04-09,21453.2948999606,9760.47898758798,34710.89251137955,21453.2948999606,21453.2948999606,908.0239462644125,908.0239462644125,908.0239462644125,1949.0960301003486,1949.0960301003486,1949.0960301003486,-1041.0720838359362,-1041.0720838359362,-1041.0720838359362,0.0,0.0,0.0,22361.318846225015
2010-04-11,21590.790766763388,3263.6306699322276,28784.882101086572,21590.790766763388,21590.790766763388,-5092.969970128369,-5092.969970128369,-5092.969970128369,-3235.294895449748,-3235.294895449748,-3235.294895449748,-1857.675074678621,-1857.675074678621,-1857.675074678621,0.0,0.0,0.0,16497.82079663502
2010-04-12,21659.538700164783,13802.305661906546,37760.34761841518,21659.538700164783,21659.538700164783,4284.701722197082,4284.701722197082,4284.701722197082,6485.726254312723,6485.726254312723,6485.726254312723,-2201.0245321156417,-2201.0245321156417,-2201.0245321156417,0.0,0.0,0.0,25944.240422361865
2010-04-13,21728.286633566175,13173.739371318426,38900.105857916285,21728.286633566175,21728.286633566175,4095.6634240264666,4095.6634240264666,4095.6634240264666,6585.6590194049895,6585.6590194049895,6585.6590194049895,-2489.995595378523,-2489.995595378523,-2489.995595378523,0.0,0.0,0.0,25823.950057592643
2010-04-14,21797.03456696757,10976.861241178909,35715.29660404518,21797.03456696757,21797.03456696757,1119.4231136298379,1119.4231136298379,1119.4231136298379,3837.488034490445,3837.488034490445,3837.488034490445,-2718.064920860607,-2718.064920860607,-2718.064920860607,0.0,0.0,0.0,22916.457680597407
2010-04-15,21865.78250036896,16921.8132048688,42240.073301360724,21865.78250036896,21865.78250036896,8436.031639599196,8436.031639599196,8436.031639599196,11316.404729912385,11316.404729912385,11316.404729912385,-2880.37309031319,-2880.37309031319,-2880.37309031319,0.0,0.0,0.0,30301.814139968155
2010-04-16,21934.530433770356,8807.244769164437,32797.012302798954,21934.530433770356,21934.530433770356,-1024.7727309937898,-1024.7727309937898,-1024.7727309937898,1949.0960300857873,1949.0960300857873,1949.0960300857873,-2973.868761079577,-2973.868761079577,-2973.868761079577,0.0,0.0,0.0,20909.757702776566
2010-04-18,22072.02630031972,3838.7795872193747,28280.18960296585,22072.02630031972,22072.02630031972,-6187.062360235998,-6187.062360235998,-6187.062360235998,-3235.2948955367306,-3235.2948955367306,-3235.2948955367306,-2951.7674646992677,-2951.7674646992677,-2951.7674646992677,0.0,0.0,0.0,15884.963940083722
2010-04-19,22140.774233594402,12957.469853890261,37943.9792640686,22140.774233594402,22140.774233594402,3646.0405485094134,3646.0405485094134,3646.0405485094134,6485.726254311302,6485.726254311302,6485.726254311302,-2839.685705801888,-2839.685705801888,-2839.685705801888,0.0,0.0,0.0,25786.814782103815
2010-04-20,22209.522166869083,13838.726943936372,39304.02991551793,22209.522166869083,22209.522166869083,3919.9187969371133,3919.9187969371133,3919.9187969371133,6585.659019422868,6585.659019422868,6585.659019422868,-2665.740222485755,-2665.740222485755,-2665.740222485755,0.0,0.0,0.0,26129.440963806195
2010-04-21,22278.270100143764,10998.420797386712,36961.35733272209,22278.270100143764,22278.270100143764,1401.2333414807974,1401.2333414807974,1401.2333414807974,3837.488034469731,3837.488034469731,3837.488034469731,-2436.2546929889336,-2436.2546929889336,-2436.2546929889336,0.0,0.0,0.0,23679.50344162456
2010-04-22,22347.018033418448,18157.238505550744,44056.47447578312,22347.018033418448,22347.018033418448,9157.280624492501,9157.280624492501,9157.280624492501,11316.404729905278,11316.404729905278,11316.404729905278,-2159.1241054127763,-2159.1241054127763,-2159.1241054127763,0.0,0.0,0.0,31504.29865791095
2010-04-23,22415.76596669313,10194.254209694796,35030.37155651949,22415.76596669313,22415.76596669313,105.49501459627278,105.49501459627278,105.49501459627278,1949.0960300480142,1949.0960300480142,1949.0960300480142,-1843.601015451741,-1843.601015451741,-1843.601015451741,0.0,0.0,0.0,22521.2609812894
2010-04-25,22553.261833242494,6070.410239707179,30175.444877964877,22553.261833242494,22553.261833242494,-4374.926082958612,-4374.926082958612,-4374.926082958612,-3235.2948955269608,-3235.2948955269608,-3235.2948955269608,-1139.6311874316518,-1139.6311874316518,-1139.6311874316518,0.0,0.0,0.0,18178.33575028388
2010-04-26,22622.009766517174,16313.796900911098,40356.639677284,22622.009766517174,22622.009766517174,5711.666835831421,5711.666835831421,5711.666835831421,6485.72625432004,6485.72625432004,6485.72625432004,-774.0594184886182,-774.0594184886182,-774.0594184886182,0.0,0.0,0.0,28333.676602348594
2010-04-27,22690.757700568538,16557.52665527325,41679.097602959584,22690.757700568538,22690.757700568538,6170.442304806029,6170.442304806029,6170.442304806029,6585.659019408237,6585.659019408237,6585.659019408237,-415.2167146022078,-415.2167146022078,-415.2167146022078,0.0,0.0,0.0,28861.200005374565
2010-04-28,22759.5056346199,14168.605977848492,38457.02510377365,22759.5056346199,22759.5056346199,3762.629944608516,3762.629944608516,3762.629944608516,3837.4880345014385,3837.4880345014385,3837.4880345014385,-74.85808989292283,-74.85808989292283,-74.85808989292283,0.0,0.0,0.0,26522.135579228416
2010-04-29,22828.25356867126,21577.73221827484,47965.19408426691,22828.25356867126,22828.25356867126,11552.123370798627,11552.123370798627,11552.123370798627,11316.40472993009,11316.40472993009,11316.40472993009,235.71864086853532,235.71864086853532,235.71864086853532,0.0,0.0,0.0,34380.37693946989
2010-04-30,22897.00150272263,13177.686788335404,38189.398924524656,22897.00150272263,22897.00150272263,2455.079761808135,2455.079761808135,2455.079761808135,1949.0960300880997,1949.0960300880997,1949.0960300880997,505.9837317200352,505.9837317200352,505.9837317200352,0.0,0.0,0.0,25352.081264530763
2010-05-02,23034.497370825356,9441.289668816169,32609.781879080016,23034.497370825356,23034.497370825356,-2346.28794972148,-2346.28794972148,-2346.28794972148,-3235.2948955022816,-3235.2948955022816,-3235.2948955022816,889.006945780802,889.006945780802,889.006945780802,0.0,0.0,0.0,20688.20942110388
2010-05-04,23171.993238928084,17704.27240944933,42260.00055160785,23171.993238928084,23171.993238928084,7601.191402820176,7601.191402820176,7601.191402820176,6585.659019426113,6585.659019426113,6585.659019426113,1015.5323833940633,1015.5323833940633,1015.5323833940633,0.0,0.0,0.0,30773.18464174826
2010-05-05,23240.741172979444,15726.452686332246,40904.72637280361,23240.741172979444,23240.741172979444,4809.062957803616,4809.062957803616,4809.062957803616,3837.4880344603444,3837.4880344603444,3837.4880344603444,971.5749233432715,971.5749233432715,971.5749233432715,0.0,0.0,0.0,28049.80413078306
2010-05-06,23309.489107030808,22620.677148921317,48720.59135729054,23309.489107030808,23309.489107030808,12170.41211378899,12170.41211378899,12170.41211378899,11316.404729889897,11316.404729889897,11316.404729889897,854.0073838990946,854.0073838990946,854.0073838990946,0.0,0.0,0.0,35479.9012208198
2010-05-07,23378.237041082168,13514.99858011851,37983.48785712889,23378.237041082168,23378.237041082168,2612.766290788921,2612.766290788921,2612.766290788921,1949.0960300735396,1949.0960300735396,1949.0960300735396,663.6702607153815,663.6702607153815,663.6702607153815,0.0,0.0,0.0,25991.00333187109
2010-05-09,23515.732911995477,7657.583509830971,32473.630996922686,23515.732911995477,23515.732911995477,-3157.6983358413686,-3157.6983358413686,-3157.6983358413686,-3235.294895485058,-3235.294895485058,-3235.294895485058,77.59655964368872,77.59655964368872,77.59655964368872,0.0,0.0,0.0,20358.03457615411
2010-05-10,23584.480847452134,16724.304797359768,43203.58240323339,23584.480847452134,23584.480847452134,6178.51395729932,6178.51395729932,6178.51395729932,6485.726254305178,6485.726254305178,6485.726254305178,-307.21229700585707,-307.21229700585707,-307.21229700585707,0.0,0.0,0.0,29762.994804751455
2010-05-11,23653.228782908787,17475.14710911281,42174.166979310634,23653.228782908787,23653.228782908787,5842.40760531708,5842.40760531708,5842.40760531708,6585.659019431394,6585.659019431394,6585.659019431394,-743.2514141143135,-743.2514141143135,-743.2514141143135,0.0,0.0,0.0,29495.636388225867
2010-05-12,23721.976718365437,12925.268028891463,38236.60898218039,23721.976718365437,23721.976718365437,2616.1153025287167,2616.1153025287167,2616.1153025287167,3837.4880344396292,3837.4880344396292,3837.4880344396292,-1221.3727319109125,-1221.3727319109125,-1221.3727319109125,0.0,0.0,0.0,26338.092020894153
2010-05-13,23790.724653822093,20363.590873697547,45647.99852740726,23790.724653822093,23790.724653822093,9585.020119676561,9585.020119676561,9585.020119676561,11316.404729915872,11316.404729915872,11316.404729915872,-1731.3846102393084,-1731.3846102393084,-1731.3846102393084,0.0,0.0,0.0,33375.744773498656
2010-05-14,23859.472589278746,10935.802081739193,36604.46924114374,23859.472589278746,23859.472589278746,-313.2434218389096,-313.2434218389096,-313.2434218389096,1949.09603005898,1949.09603005898,1949.09603005898,-2262.3394518978894,-2262.3394518978894,-2262.3394518978894,0.0,0.0,0.0,23546.229167439837
2010-05-16,23996.968460192056,5122.112027149108,29403.005727293395,23996.968460192056,23996.968460192056,-6576.659103367988,-6576.659103367988,-6576.659103367988,-3235.2948955124816,-3235.2948955124816,-3235.2948955124816,-3341.3642078555067,-3341.3642078555067,-3341.3642078555067,0.0,0.0,0.0,17420.30935682407
2010-05-17,24065.716395648713,14025.019739023117,39258.852674819245,24065.716395648713,24065.716395648713,2619.152766459343,2619.152766459343,2619.152766459343,6485.726254336092,6485.726254336092,6485.726254336092,-3866.5734878767494,-3866.5734878767494,-3866.5734878767494,0.0,0.0,0.0,26684.869162108058
2010-05-18,24134.46433110537,14388.462576134803,38421.33198808965,24134.46433110537,24134.46433110537,2218.020315312409,2218.020315312409,2218.020315312409,6585.659019416761,6585.659019416761,6585.659019416761,-4367.638704104353,-4367.638704104353,-4367.638704104353,0.0,0.0,0.0,26352.48464641778
2010-05-19,24203.21226697207,10944.963754575676,35446.55943203784,24203.21226697207,24203.21226697207,-997.0434771364065,-997.0434771364065,-997.0434771364065,3837.48803449172,3837.48803449172,3837.48803449172,-4834.531511628126,-4834.531511628126,-4834.531511628126,0.0,0.0,0.0,23206.168789835665
2010-05-20,24271.960202838774,17777.604460346516,43189.85974495384,24271.960202838774,24271.960202838774,6058.106007141497,6058.106007141497,6058.106007141497,11316.40472990876,11316.40472990876,11316.40472990876,-5258.298722767263,-5258.298722767263,-5258.298722767263,0.0,0.0,0.0,30330.066209980272
2010-05-21,24340.708138705475,7512.882332992498,33700.95975134978,24340.708138705475,24340.708138705475,-3682.207279712173,-3682.207279712173,-3682.207279712173,1949.096030075852,1949.096030075852,1949.096030075852,-5631.303309788025,-5631.303309788025,-5631.303309788025,0.0,0.0,0.0,20658.500858993302
2010-05-23,24478.20401043888,1824.82829743707,26600.136658072774,24478.20401043888,24478.20401043888,-9437.520543586605,-9437.520543586605,-9437.520543586605,-3235.2948954878043,-3235.2948954878043,-3235.2948954878043,-6202.225648098799,-6202.225648098799,-6202.225648098799,0.0,0.0,0.0,15040.683466852275
2010-05-24,24546.951946305584,11184.684590671299,36565.97689351213,24546.951946305584,24546.951946305584,92.68355258704767,92.68355258704767,92.68355258704767,6485.7262543226525,6485.7262543226525,6485.7262543226525,-6393.042701735604,-6393.042701735604,-6393.042701735604,0.0,0.0,0.0,24639.635498892632
2010-05-25,24615.69988217229,12992.675920846197,37164.6500303505,24615.69988217229,24615.69988217229,66.59719116001276,66.59719116001276,66.59719116001276,6585.659019402132,6585.659019402132,6585.659019402132,-6519.061828242119,-6519.061828242119,-6519.061828242119,0.0,0.0,0.0,24682.2970733323
2010-05-26,24684.447818038996,9086.876181904106,34807.85614281971,24684.447818038996,24684.447818038996,-2743.8253189426478,-2743.8253189426478,-2743.8253189426478,3837.488034450626,3837.488034450626,3837.488034450626,-6581.313353393273,-6581.313353393273,-6581.313353393273,0.0,0.0,0.0,21940.62249909635
2010-05-27,24753.195753905697,16861.738374136243,42338.883083840046,24753.195753905697,24753.195753905697,4733.779698317513,4733.779698317513,4733.779698317513,11316.404729933573,11316.404729933573,11316.404729933573,-6582.62503161606,-6582.62503161606,-6582.62503161606,0.0,0.0,0.0,29486.97545222321
2010-05-28,24821.9436897724,7954.174845583566,32635.560136663687,24821.9436897724,24821.9436897724,-4578.425998214672,-4578.425998214672,-4578.425998214672,1949.0960300845043,1949.0960300845043,1949.0960300845043,-6527.522028299176,-6527.522028299176,-6527.522028299176,0.0,0.0,0.0,20243.51769155773
2010-05-30,24959.43956130331,3281.0236491926967,28315.30365870196,24959.43956130331,24959.43956130331,-9509.022319727095,-9509.022319727095,-9509.022319727095,-3235.2948954780336,-3235.2948954780336,-3235.2948954780336,-6273.727424249062,-6273.727424249062,-6273.727424249062,0.0,0.0,0.0,15450.417241576213
2010-06-01,25096.935432834216,12735.287382183156,37633.633445682404,25096.935432834216,25096.935432834216,702.2503679032509,702.2503679032509,702.2503679032509,6585.659019427321,6585.659019427321,6585.659019427321,-5883.408651524071,-5883.408651524071,-5883.408651524071,0.0,0.0,0.0,25799.18580073747
2010-06-02,25165.68336859967,10634.024450828996,34958.55521596919,25165.68336859967,25165.68336859967,-1823.39300525942,-1823.39300525942,-1823.39300525942,3837.488034466313,3837.488034466313,3837.488034466313,-5660.881039725733,-5660.881039725733,-5660.881039725733,0.0,0.0,0.0,23342.290363340253
2010-06-03,25234.431304365124,18963.620582736217,42958.330285188174,25234.431304365124,25234.431304365124,5882.662081410857,5882.662081410857,5882.662081410857,11316.404729959548,11316.404729959548,11316.404729959548,-5433.742648548689,-5433.742648548689,-5433.742648548689,0.0,0.0,0.0,31117.09338577598
2010-06-04,25303.17924013058,9561.67768961417,34332.12463394701,25303.17924013058,25303.17924013058,-3263.175730759813,-3263.175730759813,-3263.175730759813,1949.0960300467316,1949.0960300467316,1949.0960300467316,-5212.271760806545,-5212.271760806545,-5212.271760806545,0.0,0.0,0.0,22040.003509370767
2010-06-06,25440.675111661487,5142.647913722732,29229.714508823115,25440.675111661487,25440.675111661487,-8060.845721292609,-8060.845721292609,-8060.845721292609,-3235.2948955054585,-3235.2948955054585,-3235.2948955054585,-4825.550825787151,-4825.550825787151,-4825.550825787151,0.0,0.0,0.0,17379.82939036888
2010-06-07,25509.42304742694,14249.530301077739,39645.99371837008,25509.42304742694,25509.42304742694,1807.6142367367236,1807.6142367367236,1807.6142367367236,6485.726254307791,6485.726254307791,6485.726254307791,-4678.112017571068,-4678.112017571068,-4678.112017571068,0.0,0.0,0.0,27317.037284163664
2010-06-08,25578.170983192394,15069.112075928506,40791.35108001968,25578.170983192394,25578.170983192394,2014.2082802848256,2014.2082802848256,2014.2082802848256,6585.659019412692,6585.659019412692,6585.659019412692,-4571.450739127867,-4571.450739127867,-4571.450739127867,0.0,0.0,0.0,27592.37926347722
2010-06-09,25646.918918957846,11413.700433473974,37610.59690475411,25646.918918957846,25646.918918957846,-674.0893290661643,-674.0893290661643,-674.0893290661643,3837.4880344820003,3837.4880344820003,3837.4880344820003,-4511.5773635481655,-4511.5773635481655,-4511.5773635481655,0.0,0.0,0.0,24972.829589891684
2010-06-10,25715.66685420708,20220.79770665163,45305.379496064925,25715.66685420708,25715.66685420708,6813.400280872752,6813.400280872752,6813.400280872752,11316.404729919353,11316.404729919353,11316.404729919353,-4503.004449046602,-4503.004449046602,-4503.004449046602,0.0,0.0,0.0,32529.067135079833
2010-06-11,25784.414789456318,11032.500338573978,35879.664217562946,25784.414789456318,25784.414789456318,-2599.529382307102,-2599.529382307102,-2599.529382307102,1949.096030164676,1949.096030164676,1949.096030164676,-4548.625412471778,-4548.625412471778,-4548.625412471778,0.0,0.0,0.0,23184.885407149217
2010-06-13,25921.91065995479,4579.876285226922,30963.359156420476,25921.91065995479,25921.91065995479,-8040.83729366683,-8040.83729366683,-8040.83729366683,-3235.294895488235,-3235.294895488235,-3235.294895488235,-4805.542398178594,-4805.542398178594,-4805.542398178594,0.0,0.0,0.0,17881.073366287957
2010-06-14,25990.658595204022,15483.903667043825,39600.13064351098,25990.658595204022,25990.658595204022,1471.5956647823093,1471.5956647823093,1471.5956647823093,6485.726254294353,6485.726254294353,6485.726254294353,-5014.130589512043,-5014.130589512043,-5014.130589512043,0.0,0.0,0.0,27462.25425998633
2010-06-15,26059.40653045326,14284.345132306576,40238.25512344555,26059.40653045326,26059.40653045326,1314.0534877960329,1314.0534877960329,1314.0534877960329,6585.659019430571,6585.659019430571,6585.659019430571,-5271.605531634538,-5271.605531634538,-5271.605531634538,0.0,0.0,0.0,27373.460018249294
2010-06-16,26128.154465702497,11934.928855288108,36247.220079346866,26128.154465702497,26128.154465702497,-1735.199881171701,-1735.199881171701,-1735.199881171701,3837.4880344976864,3837.4880344976864,3837.4880344976864,-5572.687915669388,-5572.687915669388,-5572.687915669388,0.0,0.0,0.0,24392.954584530795
2010-06-17,26196.90240095173,19014.357929201087,43942.22838736102,26196.90240095173,26196.90240095173,5405.61438169968,5405.61438169968,5405.61438169968,11316.40472994417,11316.40472994417,11316.40472994417,-5910.79034824449,-5910.79034824449,-5910.79034824449,0.0,0.0,0.0,31602.51678265141
2010-06-18,26265.650336200964,9768.842811153381,34453.464769223756,26265.650336200964,26265.650336200964,-4329.129757273591,-4329.129757273591,-4329.129757273591,1949.0960301269022,1949.0960301269022,1949.0960301269022,-6278.225787400493,-6278.225787400493,-6278.225787400493,0.0,0.0,0.0,21936.520578927375
2010-06-20,26403.14621181479,4076.69777292709,28453.84552014493,26403.14621181479,26403.14621181479,-10301.610758524335,-10301.610758524335,-10301.610758524335,-3235.294895471011,-3235.294895471011,-3235.294895471011,-7066.315863053325,-7066.315863053325,-7066.315863053325,0.0,0.0,0.0,16101.535453290455
2010-06-21,26471.894149621698,11905.634976795574,37866.50613915198,26471.894149621698,26471.894149621698,-982.649959145018,-982.649959145018,-982.649959145018,6485.726254325267,6485.726254325267,6485.726254325267,-7468.376213470285,-7468.376213470285,-7468.376213470285,0.0,0.0,0.0,25489.24419047668
2010-06-22,26540.64208742861,12911.876351756935,38444.98690066012,26540.64208742861,26540.64208742861,-1277.4932696304504,-1277.4932696304504,-1277.4932696304504,6585.6590194033415,6585.6590194033415,6585.6590194033415,-7863.152289033792,-7863.152289033792,-7863.152289033792,0.0,0.0,0.0,25263.14881779816
2010-06-23,26609.39002523552,10533.79029514889,34620.61048247314,26609.39002523552,26609.39002523552,-4403.945528952707,-4403.945528952707,-4403.945528952707,3837.4880344565922,3837.4880344565922,3837.4880344565922,-8241.433563409299,-8241.433563409299,-8241.433563409299,0.0,0.0,0.0,22205.444496282813
2010-06-24,26678.137963042427,16743.80805879695,42132.73836650271,26678.137963042427,26678.137963042427,2721.849105925324,2721.849105925324,2721.849105925324,11316.404729937058,11316.404729937058,11316.404729937058,-8594.555624011733,-8594.555624011733,-8594.555624011733,0.0,0.0,0.0,29399.987068967752
2010-06-25,26746.885900849342,6759.053384958219,31650.907054074545,26746.885900849342,26746.885900849342,-6965.566594069224,-6965.566594069224,-6965.566594069224,1949.0960301123425,1949.0960301123425,1949.0960301123425,-8914.662624181567,-8914.662624181567,-8914.662624181567,0.0,0.0,0.0,19781.31930678012
2010-06-27,26884.381776463164,1594.2105868554465,26959.71811553096,26884.381776463164,26884.381776463164,-12665.13573875109,-12665.13573875109,-12665.13573875109,-3235.2948954537865,-3235.2948954537865,-3235.2948954537865,-9429.840843297305,-9429.840843297305,-9429.840843297305,0.0,0.0,0.0,14219.246037712073
2010-06-28,26953.129714270075,10630.468286962461,36236.768693641854,26953.129714270075,26953.129714270075,-3129.4822257670216,-3129.4822257670216,-3129.4822257670216,6485.726254335867,6485.726254335867,6485.726254335867,-9615.208480102889,-9615.208480102889,-9615.208480102889,0.0,0.0,0.0,23823.647488503055
2010-06-29,27021.87765207698,11484.295762718943,36795.2027593055,27021.87765207698,27021.87765207698,-3162.783577475076,-3162.783577475076,-3162.783577475076,6585.65901942122,6585.65901942122,6585.65901942122,-9748.442596896297,-9748.442596896297,-9748.442596896297,0.0,0.0,0.0,23859.094074601904
2010-06-30,27090.62558963787,8276.692486532194,33060.708319562626,27090.62558963787,27090.62558963787,-5991.064977837305,-5991.064977837305,-5991.064977837305,3837.4880344722824,3837.4880344722824,3837.4880344722824,-9828.553012309587,-9828.553012309587,-9828.553012309587,0.0,0.0,0.0,21099.560611800567
2010-07-01,27159.37352719876,15920.494947652916,40355.65078780966,27159.37352719876,27159.37352719876,1460.2144918258366,1460.2144918258366,1460.2144918258366,11316.404729929947,11316.404729929947,11316.404729929947,-9856.19023810411,-9856.19023810411,-9856.19023810411,0.0,0.0,0.0,28619.5880190246
2010-07-02,27228.121464759653,6387.556982368165,31791.948166997096,27228.121464759653,27228.121464759653,-7884.525599298418,-7884.525599298418,-7884.525599298418,1949.0960300977813,1949.0960300977813,1949.0960300977813,-9833.6216293962,-9833.6216293962,-9833.6216293962,0.0,0.0,0.0,19343.595865461237
2010-07-04,27365.61733988143,2361.5324483646664,27101.451228818907,27365.61733988143,27365.61733988143,-12889.829410804487,-12889.829410804487,-12889.829410804487,-3235.29489548121,-3235.29489548121,-3235.29489548121,-9654.534515323276,-9654.534515323276,-9654.534515323276,0.0,0.0,0.0,14475.787929076945
2010-07-05,27434.36527744232,11716.186962463793,36902.3722933065,27434.36527744232,27434.36527744232,-3024.0184881709756,-3024.0184881709756,-3024.0184881709756,6485.726254322428,6485.726254322428,6485.726254322428,-9509.744742493403,-9509.744742493403,-9509.744742493403,0.0,0.0,0.0,24410.346789271345
2010-07-06,27503.11321500321,12454.420687036276,36781.6004735239,27503.11321500321,27503.11321500321,-2752.181705642886,-2752.181705642886,-2752.181705642886,6585.659019406588,6585.659019406588,6585.659019406588,-9337.840725049475,-9337.840725049475,-9337.840725049475,0.0,0.0,0.0,24750.931509360325
2010-07-07,27571.8611525641,9938.536680700963,35456.42779621859,27571.8611525641,27571.8611525641,-5309.709215790741,-5309.709215790741,-5309.709215790741,3837.4880344515695,3837.4880344515695,3837.4880344515695,-9147.19725024231,-9147.19725024231,-9147.19725024231,0.0,0.0,0.0,22262.151936773356
2010-07-08,27640.60909012499,18175.32254139788,42268.533602935895,27640.60909012499,27640.60909012499,2369.652590799043,2369.652590799043,2369.652590799043,11316.404729922839,11316.404729922839,11316.404729922839,-8946.752139123795,-8946.752139123795,-8946.752139123795,0.0,0.0,0.0,30010.261680924035
2010-07-09,27709.357027685877,9115.256314796341,32905.46554037573,27709.357027685877,27709.357027685877,-6796.632785104719,-6796.632785104719,-6796.632785104719,1949.0960301378664,1949.0960301378664,1949.0960301378664,-8745.728815242586,-8745.728815242586,-8745.728815242586,0.0,0.0,0.0,20912.724242581156
2010-07-11,27846.85289842354,2790.39850580082,28259.031297499867,27846.85289842354,27846.85289842354,-11613.84438913907,-11613.84438913907,-11613.84438913907,-3235.2948954639883,-3235.2948954639883,-3235.2948954639883,-8378.549493675084,-8378.549493675084,-8378.549493675084,0.0,0.0,0.0,16233.008509284471
2010-07-12,27915.600833792367,13679.43688582487,38910.906249961234,27915.600833792367,27915.600833792367,-1743.9696055437885,-1743.9696055437885,-1743.9696055437885,6485.7262543089855,6485.7262543089855,6485.7262543089855,-8229.695859852774,-8229.695859852774,-8229.695859852774,0.0,0.0,0.0,26171.631228248578
2010-07-13,27984.348769161195,13745.954311031317,38093.882994792584,27984.348769161195,27984.348769161195,-1528.6689295319122,-1528.6689295319122,-1528.6689295319122,6585.6590193919565,6585.6590193919565,6585.6590193919565,-8114.3279489238685,-8114.3279489238685,-8114.3279489238685,0.0,0.0,0.0,26455.679839629283
2010-07-14,28053.096704530024,11579.546972961221,36135.09982469411,28053.096704530024,28053.096704530024,-4201.430751307976,-4201.430751307976,-4201.430751307976,3837.488034483276,3837.488034483276,3837.488034483276,-8038.918785791252,-8038.918785791252,-8038.918785791252,0.0,0.0,0.0,23851.665953222047
2010-07-15,28121.84463989885,18540.317306578934,44015.52650806708,28121.84463989885,28121.84463989885,3307.734755758907,3307.734755758907,3307.734755758907,11316.404729913409,11316.404729913409,11316.404729913409,-8008.669974154502,-8008.669974154502,-8008.669974154502,0.0,0.0,0.0,31429.579395657755
2010-07-16,28190.592575267678,9992.848265829225,35920.77686728675,28190.592575267678,28190.592575267678,-6078.248631406254,-6078.248631406254,-6078.248631406254,1949.0960301000948,1949.0960301000948,1949.0960301000948,-8027.344661506349,-8027.344661506349,-8027.344661506349,0.0,0.0,0.0,22112.343943861422
2010-07-18,28328.08844600533,3090.3295004338615,29832.39866513031,28328.08844600533,28328.08844600533,-11453.92614618015,-11453.92614618015,-11453.92614618015,-3235.294895439309,-3235.294895439309,-3235.294895439309,-8218.631250740844,-8218.631250740844,-8218.631250740844,0.0,0.0,0.0,16874.16229982518
2010-07-19,28396.836381374167,13568.894901882935,38619.19070008542,28396.836381374167,28396.836381374167,-1904.9791320914026,-1904.9791320914026,-1904.9791320914026,6485.726254307567,6485.726254307567,6485.726254307567,-8390.70538639897,-8390.70538639897,-8390.70538639897,0.0,0.0,0.0,26491.857249282766
2010-07-20,28465.584316742992,12639.587720656385,39158.896131480404,28465.584316742992,28465.584316742992,-2024.967316129449,-2024.967316129449,-2024.967316129449,6585.659019397236,6585.659019397236,6585.659019397236,-8610.626335526686,-8610.626335526686,-8610.626335526686,0.0,0.0,0.0,26440.617000613543
2010-07-21,28534.332255034533,11286.481232621214,36130.34399088704,28534.332255034533,28534.332255034533,-5036.602237953505,-5036.602237953505,-5036.602237953505,3837.488034462564,3837.488034462564,3837.488034462564,-8874.09027241607,-8874.09027241607,-8874.09027241607,0.0,0.0,0.0,23497.730017081027
2010-07-22,28603.080193326074,17721.640792260994,43100.6321606779,28603.080193326074,28603.080193326074,2141.051113292687,2141.051113292687,2141.051113292687,11316.4047299063,11316.4047299063,11316.4047299063,-9175.353616613613,-9175.353616613613,-9175.353616613613,0.0,0.0,0.0,30744.13130661876
2010-07-23,28671.828131617614,8035.029484078459,32879.364487699815,28671.828131617614,28671.828131617614,-7558.306027818948,-7558.306027818948,-7558.306027818948,1949.096030062321,1949.096030062321,1949.096030062321,-9507.402057881269,-9507.402057881269,-9507.402057881269,0.0,0.0,0.0,21113.522103798667
2010-07-25,28809.324008200696,2302.4408130695106,27924.93024642814,28809.324008200696,28809.324008200696,-13466.027933691303,-13466.027933691303,-13466.027933691303,-3235.2948955412,-3235.2948955412,-3235.2948955412,-10230.733038150103,-10230.733038150103,-10230.733038150103,0.0,0.0,0.0,15343.296074509393
2010-07-26,28878.071946492233,12801.969266762739,37125.274184606096,28878.071946492233,28878.071946492233,-4117.954084024598,-4117.954084024598,-4117.954084024598,6485.726254316302,6485.726254316302,6485.726254316302,-10603.6803383409,-10603.6803383409,-10603.6803383409,0.0,0.0,0.0,24760.117862467636
2010-07-27,28946.819884783774,12058.925774905783,37155.56271509571,28946.819884783774,28946.819884783774,-4385.64329348239,-4385.64329348239,-4385.64329348239,6585.659019415116,6585.659019415116,6585.659019415116,-10971.302312897506,-10971.302312897506,-10971.302312897506,0.0,0.0,0.0,24561.176591301384
2010-07-28,29015.56782307532,8844.44129972926,32792.98977695494,29015.56782307532,29015.56782307532,-7486.453605389756,-7486.453605389756,-7486.453605389756,3837.488034478249,3837.488034478249,3837.488034478249,-11323.941639868006,-11323.941639868006,-11323.941639868006,0.0,0.0,0.0,21529.11421768556
2010-07-29,29084.315761366855,16693.87685410892,41406.385341334964,29084.315761366855,29084.315761366855,-335.8799487407876,-335.8799487407876,-335.8799487407876,11316.404729932272,11316.404729932272,11316.404729932272,-11652.284678673059,-11652.284678673059,-11652.284678673059,0.0,0.0,0.0,28748.435812626067
2010-07-30,29153.063699658393,6943.684269175298,32356.100354177957,29153.063699658393,29153.063699658393,-9998.559501940526,-9998.559501940526,-9998.559501940526,1949.0960301024077,1949.0960301024077,1949.0960301024077,-11947.655532042932,-11947.655532042932,-11947.655532042932,0.0,0.0,0.0,19154.504197717866
2010-08-01,29290.55957845116,1071.7108289078199,26519.28725580042,29290.55957845116,29290.55957845116,-15644.9012870944,-15644.9012870944,-15644.9012870944,-3235.2948955165207,-3235.2948955165207,-3235.2948955165207,-12409.606391577881,-12409.606391577881,-12409.606391577881,0.0,0.0,0.0,13645.65829135676
2010-08-02,29359.30751784754,10431.520378414127,36312.84728456995,29359.30751784754,29359.30751784754,-6078.662667303747,-6078.662667303747,-6078.662667303747,6485.726254325041,6485.726254325041,6485.726254325041,-12564.388921628788,-12564.388921628788,-12564.388921628788,0.0,0.0,0.0,23280.644850543795
2010-08-03,29428.055457243925,10010.424766629445,35790.10454601209,29428.055457243925,29428.055457243925,-6077.345109295736,-6077.345109295736,-6077.345109295736,6585.659019432992,6585.659019432992,6585.659019432992,-12663.004128728728,-12663.004128728728,-12663.004128728728,0.0,0.0,0.0,23350.71034794819
2010-08-04,29496.8033966403,8505.42848297698,33168.480603867036,29496.8033966403,29496.8033966403,-8866.029062227739,-8866.029062227739,-8866.029062227739,3837.4880344939374,3837.4880344939374,3837.4880344939374,-12703.517096721676,-12703.517096721676,-12703.517096721676,0.0,0.0,0.0,20630.774334412563
2010-08-05,29565.551336036682,14428.580839837012,40017.535878046234,29565.551336036682,29565.551336036682,-1369.3746271522846,-1369.3746271522846,-1369.3746271522846,11316.404729890919,11316.404729890919,11316.404729890919,-12685.779357043204,-12685.779357043204,-12685.779357043204,0.0,0.0,0.0,28196.1767088844
2010-08-06,29634.299275433066,5786.48868509609,31008.868223648667,29634.299275433066,29634.299275433066,-10662.363840918413,-10662.363840918413,-10662.363840918413,1949.0960300878455,1949.0960300878455,1949.0960300878455,-12611.459871006258,-12611.459871006258,-12611.459871006258,0.0,0.0,0.0,18971.935434514653
2010-08-08,29771.795154225827,1604.9174819818898,26923.357720729873,29771.795154225827,29771.795154225827,-15543.935287861486,-15543.935287861486,-15543.935287861486,-3235.294895499297,-3235.294895499297,-3235.294895499297,-12308.64039236219,-12308.64039236219,-12308.64039236219,0.0,0.0,0.0,14227.85986636434
2010-08-09,29840.543093622215,10083.305823492326,36485.77403961724,29840.543093622215,29840.543093622215,-5606.351294905987,-5606.351294905987,-5606.351294905987,6485.726254311598,6485.726254311598,6485.726254311598,-12092.077549217585,-12092.077549217585,-12092.077549217585,0.0,0.0,0.0,24234.191798716227
2010-08-10,29909.291031449986,12581.433798582199,36792.047414087334,29909.291031449986,29909.291031449986,-5256.833903191887,-5256.833903191887,-5256.833903191887,6585.6590194382725,6585.6590194382725,6585.6590194382725,-11842.492922630161,-11842.492922630161,-11842.492922630161,0.0,0.0,0.0,24652.4571282581
2010-08-11,29978.038969277757,9283.11953450982,34415.89058874541,29978.038969277757,29978.038969277757,-7731.731441102374,-7731.731441102374,-7731.731441102374,3837.4880344688627,3837.4880344688627,3837.4880344688627,-11569.219475571237,-11569.219475571237,-11569.219475571237,0.0,0.0,0.0,22246.307528175385
2010-08-12,30046.78690710552,17144.810768076393,42913.87087278861,30046.78690710552,30046.78690710552,33.90920533888908,33.90920533888908,33.90920533888908,11316.404729916892,11316.404729916892,11316.404729916892,-11282.495524578004,-11282.495524578004,-11282.495524578004,0.0,0.0,0.0,30080.69611244441
2010-08-13,30115.534844933292,8829.98761874173,34161.74240584744,30115.534844933292,30115.534844933292,-9044.069095652996,-9044.069095652996,-9044.069095652996,1949.0960300732868,1949.0960300732868,1949.0960300732868,-10993.165125726284,-10993.165125726284,-10993.165125726284,0.0,0.0,0.0,21071.465749280294
2010-08-15,30253.030720588828,5286.278526578958,28524.848618305343,30253.030720588828,30253.030720588828,-13686.427316226936,-13686.427316226936,-13686.427316226936,-3235.29489552672,-3235.29489552672,-3235.29489552672,-10451.132420700214,-10451.132420700214,-10451.132420700214,0.0,0.0,0.0,16566.603404361893
2010-08-16,30321.7786584166,13736.758869705585,39548.34306967362,30321.7786584166,30321.7786584166,-3734.441038833302,-3734.441038833302,-3734.441038833302,6485.726254332357,6485.726254332357,6485.726254332357,-10220.16729316566,-10220.16729316566,-10220.16729316566,0.0,0.0,0.0,26587.337619583297
2010-08-17,30390.52659624437,14786.914897505243,40682.867270839095,30390.52659624437,30390.52659624437,-3443.7263573365926,-3443.7263573365926,-3443.7263573365926,6585.659019423642,6585.659019423642,6585.659019423642,-10029.385376760236,-10029.385376760236,-10029.385376760236,0.0,0.0,0.0,26946.800238907777
2010-08-18,30459.27453407214,11980.700608828758,37239.99956800526,30459.27453407214,30459.27453407214,-6050.157244696694,-6050.157244696694,-6050.157244696694,3837.4880344845515,3837.4880344845515,3837.4880344845515,-9887.645279181244,-9887.645279181244,-9887.645279181244,0.0,0.0,0.0,24409.11728937545
2010-08-19,30528.022471899912,19106.8492733246,44005.079030711,30528.022471899912,30528.022471899912,1513.9697062983134,1513.9697062983134,1513.9697062983134,11316.404729909784,11316.404729909784,11316.404729909784,-9802.43502361147,-9802.43502361147,-9802.43502361147,0.0,0.0,0.0,32041.992178198227
2010-08-20,30596.770405593517,9884.074419787512,35719.128540295176,30596.770405593517,30596.770405593517,-7830.505683943603,-7830.505683943603,-7830.505683943603,1949.096030035512,1949.096030035512,1949.096030035512,-9779.601713979115,-9779.601713979115,-9779.601713979115,0.0,0.0,0.0,22766.264721649914
2010-08-22,30734.266272980734,5413.7258858823525,30246.315799195072,30734.266272980734,30734.266272980734,-13170.2139406093,-13170.2139406093,-13170.2139406093,-3235.2948955094957,-3235.2948955094957,-3235.2948955094957,-9934.919045099803,-9934.919045099803,-9934.919045099803,0.0,0.0,0.0,17564.052332371437
2010-08-23,30803.01420667434,15355.381718410214,39831.14192258995,30803.01420667434,30803.01420667434,-3629.0098519594408,-3629.0098519594408,-3629.0098519594408,6485.726254318916,6485.726254318916,6485.726254318916,-10114.736106278357,-10114.736106278357,-10114.736106278357,0.0,0.0,0.0,27174.0043547149
2010-08-24,30871.762140367944,13009.803735447396,40952.92269657481,30871.762140367944,30871.762140367944,-3774.4051036939627,-3774.4051036939627,-3774.4051036939627,6585.65901940901,6585.65901940901,6585.65901940901,-10360.064123102973,-10360.064123102973,-10360.064123102973,0.0,0.0,0.0,27097.35703667398
2010-08-25,30940.510074061556,11625.418209594309,36987.600249737705,30940.510074061556,30940.510074061556,-6828.645252740247,-6828.645252740247,-6828.645252740247,3837.4880345002384,3837.4880345002384,3837.4880345002384,-10666.133287240486,-10666.133287240486,-10666.133287240486,0.0,0.0,0.0,24111.86482132131
2010-08-26,31009.25800775516,20148.015602273634,43771.21769996408,31009.25800775516,31009.25800775516,290.43910190319394,290.43910190319394,290.43910190319394,11316.404729934595,11316.404729934595,11316.404729934595,-11025.965628031403,-11025.965628031403,-11025.965628031403,0.0,0.0,0.0,31299.697109658355
2010-08-27,31078.005941448766,9594.786390223373,34194.22022013756,31078.005941448766,31078.005941448766,-9481.393583732653,-9481.393583732653,-9481.393583732653,1949.0960300988118,1949.0960300988118,1949.0960300988118,-11430.489613831465,-11430.489613831465,-11430.489613831465,0.0,0.0,0.0,21596.612357716112
2010-08-29,31215.501808835983,3622.134880068507,28160.582395043268,31215.501808835983,31215.501808835983,-15563.255380504335,-15563.255380504335,-15563.255380504335,-3235.294895492274,-3235.294895492274,-3235.294895492274,-12327.960485012065,-12327.960485012065,-12327.960485012065,0.0,0.0,0.0,15652.246428331648
2010-08-31,31352.997676223196,12754.30205182226,37742.96865330275,31352.997676223196,31352.997676223196,-6666.423448291145,-6666.423448291145,-6666.423448291145,6585.659019426889,6585.659019426889,6585.659019426889,-13252.082467718035,-13252.082467718035,-13252.082467718035,0.0,0.0,0.0,24686.57422793205
2010-09-01,31421.745611464463,9306.703781874998,34488.78210862491,31421.745611464463,31421.745611464463,-9848.407437393924,-9848.407437393924,-9848.407437393924,3837.4880344591443,3837.4880344591443,3837.4880344591443,-13685.89547185307,-13685.89547185307,-13685.89547185307,0.0,0.0,0.0,21573.338174070537
2010-09-02,31490.49354670573,16855.30455155407,41102.924462127914,31490.49354670573,31490.49354670573,-2762.948278308887,-2762.948278308887,-2762.948278308887,11316.404729927486,11316.404729927486,11316.404729927486,-14079.353008236372,-14079.353008236372,-14079.353008236372,0.0,0.0,0.0,28727.545268396843
2010-09-03,31559.241481946996,6778.385524027109,31806.134970167757,31559.241481946996,31559.241481946996,-12467.204983675732,-12467.204983675732,-12467.204983675732,1949.0960300610386,1949.0960300610386,1949.0960300610386,-14416.301013736771,-14416.301013736771,-14416.301013736771,0.0,0.0,0.0,19092.036498271264
2010-09-05,31696.737352429525,533.9462057540228,26206.367677210954,31696.737352429525,31696.737352429525,-18094.179016977545,-18094.179016977545,-18094.179016977545,-3235.2948954750477,-3235.2948954750477,-3235.2948954750477,-14858.884121502497,-14858.884121502497,-14858.884121502497,0.0,0.0,0.0,13602.55833545198
2010-09-06,31765.485287670792,10907.508378429555,35650.10808035979,31765.485287670792,31765.485287670792,-8450.530035188092,-8450.530035188092,-8450.530035188092,6485.726254304054,6485.726254304054,6485.726254304054,-14936.256289492147,-14936.256289492147,-14936.256289492147,0.0,0.0,0.0,23314.9552524827
2010-09-07,31834.23322291206,10641.800807646852,36359.647838397046,31834.23322291206,31834.23322291206,-8315.699781157999,-8315.699781157999,-8315.699781157999,6585.65901939966,6585.65901939966,6585.65901939966,-14901.358800557658,-14901.358800557658,-14901.358800557658,0.0,0.0,0.0,23518.533441754058
2010-09-08,31902.98115815333,9877.358558890806,34593.45657713292,31902.98115815333,31902.98115815333,-10906.872010174731,-10906.872010174731,-10906.872010174731,3837.4880345112315,3837.4880345112315,3837.4880345112315,-14744.360044685964,-14744.360044685964,-14744.360044685964,0.0,0.0,0.0,20996.109147978597
2010-09-09,31971.729093394595,15913.419744438439,41398.52043662401,31971.729093394595,31971.729093394595,-3141.313519420239,-3141.313519420239,-3141.313519420239,11316.404729920378,11316.404729920378,11316.404729920378,-14457.718249340616,-14457.718249340616,-14457.718249340616,0.0,0.0,0.0,28830.415573974355
2010-09-10,32040.477028635854,8582.794724581401,33168.992243312794,32040.477028635854,32040.477028635854,-12087.328452067813,-12087.328452067813,-12087.328452067813,1949.0960300464778,1949.0960300464778,1949.0960300464778,-14036.42448211429,-14036.42448211429,-14036.42448211429,0.0,0.0,0.0,19953.14857656804
2010-09-12,32177.97289911839,4304.533604975312,27986.17088205428,32177.97289911839,32177.97289911839,-16018.856018957715,-16018.856018957715,-16018.856018957715,-3235.2948955024735,-3235.2948955024735,-3235.2948955024735,-12783.561123455242,-12783.561123455242,-12783.561123455242,0.0,0.0,0.0,16159.116880160676
2010-09-13,32246.720834359658,14244.904694226401,39304.8297028004,32246.720834359658,32246.720834359658,-5470.266837620038,-5470.266837620038,-5470.266837620038,6485.726254312792,6485.726254312792,6485.726254312792,-11955.99309193283,-11955.99309193283,-11955.99309193283,0.0,0.0,0.0,26776.45399673962
2010-09-14,32315.468769600924,14717.11487388769,39810.64511858978,32315.468769600924,32315.468769600924,-4416.163561796862,-4416.163561796862,-4416.163561796862,6585.659019437449,6585.659019437449,6585.659019437449,-11001.822581234312,-11001.822581234312,-11001.822581234312,0.0,0.0,0.0,27899.305207804064
2010-09-15,32384.216704842194,13770.983205429875,39151.29611188146,32384.216704842194,32384.216704842194,-6092.709019088591,-6092.709019088591,-6092.709019088591,3837.4880344905187,3837.4880344905187,3837.4880344905187,-9930.19705357911,-9930.19705357911,-9930.19705357911,0.0,0.0,0.0,26291.507685753604
2010-09-16,32452.96464008346,21404.54837769988,47508.6587642584,32452.96464008346,32452.96464008346,2563.477345000906,2563.477345000906,2563.477345000906,11316.404729913265,11316.404729913265,11316.404729913265,-8752.92738491236,-8752.92738491236,-8752.92738491236,0.0,0.0,0.0,35016.44198508437
2010-09-17,32521.71257532472,15242.004904427671,39647.94922408375,32521.71257532472,32521.71257532472,-5535.182561007268,-5535.182561007268,-5535.182561007268,1949.0960300633499,1949.0960300633499,1949.0960300633499,-7484.278591070619,-7484.278591070619,-7484.278591070619,0.0,0.0,0.0,26986.530014317454
2010-09-19,32659.208445807257,11827.542485693253,36824.13191736483,32659.208445807257,32659.208445807257,-7975.807856582313,-7975.807856582313,-7975.807856582313,-3235.2948954927037,-3235.2948954927037,-3235.2948954927037,-4740.512961089609,-4740.512961089609,-4740.512961089609,0.0,0.0,0.0,24683.400589224944
2010-09-20,32727.956381048523,22553.922211808447,48340.70617049012,32727.956381048523,32727.956381048523,3182.1984787090632,3182.1984787090632,3182.1984787090632,6485.726254321527,6485.726254321527,6485.726254321527,-3303.5277756124647,-3303.5277756124647,-3303.5277756124647,0.0,0.0,0.0,35910.15485975759
2010-09-21,32796.70431628978,25232.120465411914,49999.00534286834,32796.70431628978,32796.70431628978,4735.0010128185895,4735.0010128185895,4735.0010128185895,6585.659019390311,6585.659019390311,6585.659019390311,-1850.6580065717226,-1850.6580065717226,-1850.6580065717226,0.0,0.0,0.0,37531.70532910837
2010-09-22,32865.45225153105,25035.343330684413,48886.01437825098,32865.45225153105,32865.45225153105,3434.006073598018,3434.006073598018,3434.006073598018,3837.488034449423,3837.488034449423,3837.488034449423,-403.48196085140523,-403.48196085140523,-403.48196085140523,0.0,0.0,0.0,36299.45832512907
2010-09-23,32934.20018677232,32510.442221972164,57763.91936964654,32934.20018677232,32934.20018677232,12332.607585529235,12332.607585529235,12332.607585529235,11316.40472993808,11316.40472993808,11316.40472993808,1016.2028555911531,1016.2028555911531,1016.2028555911531,0.0,0.0,0.0,45266.80777230156
2010-09-24,33002.948122013586,24426.64499471304,50228.841042597,33002.948122013586,33002.948122013586,4335.929866720864,4335.929866720864,4335.929866720864,1949.0960301266496,1949.0960301266496,1949.0960301266496,2386.8338365942136,2386.8338365942136,2386.8338365942136,0.0,0.0,0.0,37338.87798873445
2010-09-26,33140.44399249612,22528.50484556844,47571.20264806453,33140.44399249612,33140.44399249612,1663.2522084260972,1663.2522084260972,1663.2522084260972,-3235.2948954680264,-3235.2948954680264,-3235.2948954680264,4898.547103894123,4898.547103894123,4898.547103894123,0.0,0.0,0.0,34803.69620092222
2010-09-27,33209.19192773738,33727.046626485266,57164.10523270749,33209.19192773738,33209.19192773738,12487.379195916483,12487.379195916483,12487.379195916483,6485.726254330265,6485.726254330265,6485.726254330265,6001.652941586217,6001.652941586217,6001.652941586217,0.0,0.0,0.0,45696.57112365386
2010-09-28,33277.93986297865,34433.816065479135,58344.28176282418,33277.93986297865,33277.93986297865,13566.20308428275,13566.20308428275,13566.20308428275,6585.6590194281,6585.6590194281,6585.6590194281,6980.544064854651,6980.544064854651,6980.544064854651,0.0,0.0,0.0,46844.1429472614
2010-09-29,33346.687798219915,32397.608956696396,57801.79393190722,33346.687798219915,33346.687798219915,11658.653103861794,11658.653103861794,11658.653103861794,3837.4880344651133,3837.4880344651133,3837.4880344651133,7821.165069396681,7821.165069396681,7821.165069396681,0.0,0.0,0.0,45005.340902081705
2010-09-30,33415.435733461185,41197.94277096129,65045.10118380351,33415.435733461185,33415.435733461185,19828.40618728614,19828.40618728614,19828.40618728614,11316.404729897888,11316.404729897888,11316.404729897888,8512.001457388247,8512.001457388247,8512.001457388247,0.0,0.0,0.0,53243.84192074732
2010-10-01,33484.183668702455,31692.18741600206,56921.97341890791,33484.183668702455,33484.183668702455,10993.409967760383,10993.409967760383,10993.409967760383,1949.096030112089,1949.096030112089,1949.096030112089,9044.313937648294,9044.313937648294,9044.313937648294,0.0,0.0,0.0,44477.593636462836
2010-10-03,33621.67953918498,27681.638946262297,52800.820647287204,33621.67953918498,33621.67953918498,6377.9772718708155,6377.9772718708155,6377.9772718708155,-3235.2948954954504,-3235.2948954954504,-3235.2948954954504,9613.272167366265,9613.272167366265,9613.272167366265,0.0,0.0,0.0,39999.6568110558
2010-10-04,33690.42747442625,37204.12155519899,61908.76580350677,33690.42747442625,33690.42747442625,16133.299708572978,16133.299708572978,16133.299708572978,6485.726254306667,6485.726254306667,6485.726254306667,9647.573454266312,9647.573454266312,9647.573454266312,0.0,0.0,0.0,49823.72718299923
2010-10-05,33759.175409667514,37522.48552382614,62640.222994488424,33759.175409667514,33759.175409667514,16104.351904730996,16104.351904730996,16104.351904730996,6585.659019413469,6585.659019413469,6585.659019413469,9518.692885317527,9518.692885317527,9518.692885317527,0.0,0.0,0.0,49863.52731439851
2010-10-06,33827.923344908784,34371.97473389512,59649.11754628915,33827.923344908784,33827.923344908784,13070.607477747624,13070.607477747624,13070.607477747624,3837.4880344443995,3837.4880344443995,3837.4880344443995,9233.119443303223,9233.119443303223,9233.119443303223,0.0,0.0,0.0,46898.53082265641
2010-10-07,33896.671280150054,41324.64940374652,66560.9149790691,33896.671280150054,33896.671280150054,20116.61977776901,20116.61977776901,20116.61977776901,11316.40472992386,11316.40472992386,11316.40472992386,8800.215047845153,8800.215047845153,8800.215047845153,0.0,0.0,0.0,54013.291057919065
2010-10-08,33965.41921539131,31808.3040921086,56237.851818464624,33965.41921539131,33965.41921539131,10181.114137754676,10181.114137754676,10181.114137754676,1949.096030152174,1949.096030152174,1949.096030152174,8232.018107602502,8232.018107602502,8232.018107602502,0.0,0.0,0.0,44146.533353145984
2010-10-10,34102.91508587385,25855.953861519156,50322.14261971708,34102.91508587385,34102.91508587385,3514.459509482439,3514.459509482439,3514.459509482439,-3235.294895478226,-3235.294895478226,-3235.294895478226,6749.754404960665,6749.754404960665,6749.754404960665,0.0,0.0,0.0,37617.37459535629
2010-10-11,34171.66302111511,33932.1344544462,59446.046790807115,34171.66302111511,34171.66302111511,12356.432371512503,12356.432371512503,12356.432371512503,6485.726254327427,6485.726254327427,6485.726254327427,5870.706117185074,5870.706117185074,5870.706117185074,0.0,0.0,0.0,46528.09539262761
2010-10-12,34240.410956356376,32808.10915452906,59158.51244822042,34240.410956356376,34240.410956356376,11511.373950764513,11511.373950764513,11511.373950764513,6585.659019398837,6585.659019398837,6585.659019398837,4925.714931365676,4925.714931365676,4925.714931365676,0.0,0.0,0.0,45751.78490712089
2010-10-13,34309.158891597646,29083.523531993673,54237.6382380709,34309.158891597646,34309.158891597646,7773.203273628457,7773.203273628457,7773.203273628457,3837.4880344964877,3837.4880344964877,3837.4880344964877,3935.7152391319682,3935.7152391319682,3935.7152391319682,0.0,0.0,0.0,42082.362165226106
2010-10-14,34377.90682683891,36249.8605358489,61243.93586427571,34377.90682683891,34377.90682683891,14238.725242838987,14238.725242838987,14238.725242838987,11316.404729948674,11316.404729948674,11316.404729948674,2922.3205128903146,2922.3205128903146,2922.3205128903146,0.0,0.0,0.0,48616.6320696779
2010-10-15,34446.65476208018,26312.32689272467,50398.548490211964,34446.65476208018,34446.65476208018,3856.5237255912416,3856.5237255912416,3856.5237255912416,1949.0960301144019,1949.0960301144019,1949.0960301144019,1907.4276954768395,1907.4276954768395,1907.4276954768395,0.0,0.0,0.0,38303.17848767142
2010-10-17,34584.150632562705,18504.366224246234,43904.68020932612,34584.150632562705,34584.150632562705,-3275.476387559131,-3275.476387559131,-3275.476387559131,-3235.2948954535455,-3235.2948954535455,-3235.2948954535455,-40.181492105586244,-40.181492105586244,-40.181492105586244,0.0,0.0,0.0,31308.674245003574
2010-10-18,34652.898567803975,27926.30681337409,53691.246663582024,34652.898567803975,34652.898567803975,5554.588822873187,5554.588822873187,5554.588822873187,6485.726254313985,6485.726254313985,6485.726254313985,-931.1374314407973,-931.1374314407973,-931.1374314407973,0.0,0.0,0.0,40207.48739067716
2010-10-19,34721.64650304524,27274.322831490434,52324.60012649727,34721.64650304524,34721.64650304524,4844.896861580709,4844.896861580709,4844.896861580709,6585.659019404117,6585.659019404117,6585.659019404117,-1740.7621578234082,-1740.7621578234082,-1740.7621578234082,0.0,0.0,0.0,39566.54336462595
2010-10-20,34790.39443828651,23371.50362265014,49130.84164360203,34790.39443828651,34790.39443828651,1386.2334934596527,1386.2334934596527,1386.2334934596527,3837.4880344553935,3837.4880344553935,3837.4880344553935,-2451.2545409957415,-2451.2545409957415,-2451.2545409957415,0.0,0.0,0.0,36176.62793174616
2010-10-21,34859.14237352778,30990.743655198807,56048.24912752355,34859.14237352778,34859.14237352778,8269.849098593859,8269.849098593859,8269.849098593859,11316.404729941563,11316.404729941563,11316.404729941563,-3046.555631347704,-3046.555631347704,-3046.555631347704,0.0,0.0,0.0,43128.991472121634
2010-10-22,34927.89030876904,20865.20867799588,45366.52690034683,34927.89030876904,34927.89030876904,-1563.4758723449004,-1563.4758723449004,-1563.4758723449004,1949.0960300998415,1949.0960300998415,1949.0960300998415,-3512.5719024447417,-3512.5719024447417,-3512.5719024447417,0.0,0.0,0.0,33364.414436424144
2010-10-24,35065.386179251575,14709.84773053553,40228.21688174031,35065.386179251575,35065.386179251575,-7246.534645184858,-7246.534645184858,-7246.534645184858,-3235.294895443778,-3235.294895443778,-3235.294895443778,-4011.2397497410816,-4011.2397497410816,-4011.2397497410816,0.0,0.0,0.0,27818.851534066715
2010-10-25,35134.13411449284,25422.734645867742,49706.31455083596,35134.13411449284,35134.13411449284,2458.7958001526317,2458.7958001526317,2458.7958001526317,6485.726254334743,6485.726254334743,6485.726254334743,-4026.9304541821116,-4026.9304541821116,-4026.9304541821116,0.0,0.0,0.0,37592.92991464547
2010-10-26,35202.88204973411,25401.929147232986,50795.785924254866,35202.88204973411,35202.88204973411,2706.1068435555453,2706.1068435555453,2706.1068435555453,6585.659019421997,6585.659019421997,6585.659019421997,-3879.5521758664513,-3879.5521758664513,-3879.5521758664513,0.0,0.0,0.0,37908.98889328965
2010-10-27,35271.62998497537,22617.22383395691,47653.34013553803,35271.62998497537,35271.62998497537,270.83540116397677,270.83540116397677,270.83540116397677,3837.4880344710796,3837.4880344710796,3837.4880344710796,-3566.6526333071033,-3566.6526333071033,-3566.6526333071033,0.0,0.0,0.0,35542.465386139345
2010-10-28,35340.37792021664,31065.439016169003,56023.619888642774,35340.37792021664,35340.37792021664,8228.237905264263,8228.237905264263,8228.237905264263,11316.404729933292,11316.404729933292,11316.404729933292,-3088.166824669029,-3088.166824669029,-3088.166824669029,0.0,0.0,0.0,43568.615825480905
2010-10-29,35409.1258554579,22418.46529651854,47037.50354486014,35409.1258554579,35409.1258554579,-497.2483915740283,-497.2483915740283,-497.2483915740283,1949.0960300620684,1949.0960300620684,1949.0960300620684,-2446.3444216360967,-2446.3444216360967,-2446.3444216360967,0.0,0.0,0.0,34911.87746388387
2010-10-31,35546.62172594044,19954.73036852594,43085.35902527357,35546.62172594044,35546.62172594044,-3927.89500914297,-3927.89500914297,-3927.89500914297,-3235.2948954712015,-3235.2948954712015,-3235.2948954712015,-692.6001136717683,-692.6001136717683,-692.6001136717683,0.0,0.0,0.0,31618.726716797468
2010-11-01,35615.36966118171,30345.427754313045,54589.037300947246,35615.36966118171,35615.36966118171,6890.063512051736,6890.063512051736,6890.063512051736,6485.726254321302,6485.726254321302,6485.726254321302,404.33725773043375,404.33725773043375,404.33725773043375,0.0,0.0,0.0,42505.43317323344
2010-11-02,35684.11759642297,31286.789750838667,55909.60302567009,35684.11759642297,35684.11759642297,8220.636651656265,8220.636651656265,8220.636651656265,6585.659019407364,6585.659019407364,6585.659019407364,1634.9776322489013,1634.9776322489013,1634.9776322489013,0.0,0.0,0.0,43904.75424807923
2010-11-03,35752.86553166423,29336.00845050505,55613.8834779667,35752.86553166423,35752.86553166423,6825.071051573337,6825.071051573337,6825.071051573337,3837.488034486769,3837.488034486769,3837.488034486769,2987.583017086568,2987.583017086568,2987.583017086568,0.0,0.0,0.0,42577.93658323757
2010-11-04,35821.6134669055,39899.055379446,64776.80004873645,35821.6134669055,35821.6134669055,15765.473956047474,15765.473956047474,15765.473956047474,11316.404729891941,11316.404729891941,11316.404729891941,4449.069226155532,4449.069226155532,4449.069226155532,0.0,0.0,0.0,51587.08742295297
2010-11-05,35890.361402146766,31236.582742975756,56336.923674432,35890.361402146766,35890.361402146766,7954.308851585918,7954.308851585918,7954.308851585918,1949.096030125366,1949.096030125366,1949.096030125366,6005.212821460552,6005.212821460552,6005.212821460552,0.0,0.0,0.0,43844.670253732686
2010-11-06,35959.109337388036,3937.297075314146,29051.437759441225,35959.109337388036,35959.109337388036,-19298.219770697764,-19298.219770697764,-19298.219770697764,-26939.0791727267,-26939.0791727267,-26939.0791727267,7640.859402028934,7640.859402028934,7640.859402028934,0.0,0.0,0.0,16660.88956669027
2010-11-07,36027.8572726293,29794.847084949277,54337.653996946276,36027.8572726293,36027.85727326076,6104.8347649710195,6104.8347649710195,6104.8347649710195,-3235.294895513535,-3235.294895513535,-3235.294895513535,9340.129660484554,9340.129660484554,9340.129660484554,0.0,0.0,0.0,42132.69203760032
2010-11-08,36096.60520787057,40397.613924685924,66280.48890907073,36096.60520186337,36096.605215390795,17572.346403413296,17572.346403413296,17572.346403413296,6485.7262543078605,6485.7262543078605,6485.7262543078605,11086.620149105436,11086.620149105436,11086.620149105436,0.0,0.0,0.0,53668.95161128386
2010-11-09,36165.35314311183,42944.41051572206,68655.76665993335,36165.35312504785,36165.35316072311,19449.25528358761,19449.25528358761,19449.25528358761,6585.659019425241,6585.659019425241,6585.659019425241,12863.596264162365,12863.596264162365,12863.596264162365,0.0,0.0,0.0,55614.608426699444
2010-11-10,36234.1010783531,42133.901161735754,67572.47367663866,36234.10104204664,36234.10110953082,18491.663580054927,18491.663580054927,18491.663580054927,3837.488034482075,3837.488034482075,3837.488034482075,14654.17554557285,14654.17554557285,14654.17554557285,0.0,0.0,0.0,54725.76465840803
2010-11-11,36302.849013594365,51933.02356857319,76591.54657746537,36302.848958724644,36302.849066811876,27757.904704990124,27757.904704990124,27757.904704990124,11316.404729917915,11316.404729917915,11316.404729917915,16441.499975072205,16441.499975072205,16441.499975072205,0.0,0.0,0.0,64060.753718584485
2010-11-12,36371.59694883563,43426.989512048815,69540.80153305434,36371.59687450129,36371.597030900986,20157.992548305934,20157.992548305934,20157.992548305934,1949.0960300875938,1949.0960300875938,1949.0960300875938,18208.89651821834,18208.89651821834,18208.89651821834,0.0,0.0,0.0,56529.58949714156
2010-11-13,36440.3448840769,18208.162311616332,41857.398118500416,36440.344788812734,36440.34498815526,-6999.0535000559175,-6999.0535000559175,-6999.0535000559175,-26939.079172732043,-26939.079172732043,-26939.079172732043,19940.025672676125,19940.025672676125,19940.025672676125,0.0,0.0,0.0,29441.29138402098
2010-11-14,36509.09281931816,42574.59277409133,68026.60580533285,36509.092698986045,36509.092955333224,18383.723344405003,18383.723344405003,18383.723344405003,-3235.2948954888557,-3235.2948954888557,-3235.2948954888557,21619.01823989386,21619.01823989386,21619.01823989386,0.0,0.0,0.0,54892.81616372317
2010-11-15,36577.84075455943,52695.36093647728,78437.91862096927,36577.84060432071,36577.840917528454,29716.327168139036,29716.327168139036,29716.327168139036,6485.726254328621,6485.726254328621,6485.726254328621,23230.600913810416,23230.600913810416,23230.600913810416,0.0,0.0,0.0,66294.16792269847
2010-11-16,36646.588689800694,54347.43765906003,80318.96432213673,36646.58851219184,36646.588885374564,31345.870587212434,31345.870587212434,31345.870587212434,6585.659019398013,6585.659019398013,6585.659019398013,24760.211567814426,24760.211567814426,24760.211567814426,0.0,0.0,0.0,67992.45927701313
2010-11-17,36715.336625041964,54240.83655105155,78995.8703900368,36715.33641776669,36715.33685431805,30031.593346281847,30031.593346281847,30031.593346281847,3837.488034461362,3837.488034461362,3837.488034461362,26194.105311820484,26194.105311820484,26194.105311820484,0.0,0.0,0.0,66746.92997132381
2010-11-18,36784.084560283234,64071.727662448226,87269.2553541758,36784.08431973956,36784.08483804652,38835.85721146315,38835.85721146315,38835.85721146315,11316.404729910806,11316.404729910806,11316.404729910806,27519.452481552347,27519.452481552347,27519.452481552347,0.0,0.0,0.0,75619.94177174638
2010-11-19,36852.83249552449,53718.54468110633,80377.48779045971,36852.83222958988,36852.83282004212,30673.52574259273,30673.52574259273,30673.52574259273,1949.09603004982,1949.09603004982,1949.09603004982,28724.429712542908,28724.429712542908,28724.429712542908,0.0,0.0,0.0,67526.35823811722
2010-11-20,36921.58043076576,26857.641549811382,52903.08742866041,36921.58013832996,36921.58078500888,2859.2259738860894,2859.2259738860894,2859.2259738860894,-26939.07917272865,-26939.07917272865,-26939.07917272865,29798.30514661474,29798.30514661474,29798.30514661474,0.0,0.0,0.0,39780.80640465185
2010-11-21,36990.32836600703,51172.270608547464,76630.80473861727,36990.32803098306,36990.32875265356,27496.2237316959,27496.2237316959,27496.2237316959,-3235.294895523735,-3235.294895523735,-3235.294895523735,30731.518627219633,30731.518627219633,30731.518627219633,0.0,0.0,0.0,64486.55209770293
2010-11-22,37059.07630124829,62615.80869701788,88441.92381569023,37059.075945690616,37059.0767235102,38001.48372797668,38001.48372797668,38001.48372797668,6485.726254315178,6485.726254315178,6485.726254315178,31515.757473661502,31515.757473661502,31515.757473661502,0.0,0.0,0.0,75060.56002922497
2010-11-23,37127.82423648956,63607.16688680518,89182.88259863228,37127.82383973392,37127.82471082341,38729.68711769299,38729.68711769299,38729.68711769299,6585.659019415892,6585.659019415892,6585.659019415892,32144.028098277104,32144.028098277104,32144.028098277104,0.0,0.0,0.0,75857.51135418256
2010-11-24,37196.57217173083,61695.99020142975,86204.11784715022,37196.571732973134,37196.57268283167,36448.211396647006,36448.211396647006,36448.211396647006,3837.488034493069,3837.488034493069,3837.488034493069,32610.723362153938,32610.723362153938,32610.723362153938,0.0,0.0,0.0,73644.78356837784
2010-11-25,37265.32010697209,69422.277208228,93740.21263095275,37265.31962179032,37265.320667843014,44228.08990323064,44228.08990323064,44228.08990323064,11316.404729936776,11316.404729936776,11316.404729936776,32911.68517329386,32911.68517329386,32911.68517329386,0.0,0.0,0.0,81493.41001020273
2010-11-26,37334.06804221337,60110.40608847558,85299.21124041597,37334.06751481045,37334.06867707366,34993.357466524685,34993.357466524685,34993.357466524685,1949.0960301131192,1949.0960301131192,1949.0960301131192,33044.261436411565,33044.261436411565,33044.261436411565,0.0,0.0,0.0,72327.42550873806
2010-11-27,37402.81597745463,31344.377957319273,55974.304065024764,37402.8154024733,37402.81665396583,6068.276913815783,6068.276913815783,6068.276913815783,-26939.0791727335,-26939.0791727335,-26939.0791727335,33007.356086549284,33007.356086549284,33007.356086549284,0.0,0.0,0.0,43471.09289127041
2010-11-28,37471.563912695885,54723.86206158129,79517.99926411378,37471.56328682337,37471.564626011634,29566.175703695477,29566.175703695477,29566.175703695477,-3235.2948955065117,-3235.2948955065117,-3235.2948955065117,32801.47059920199,32801.47059920199,32801.47059920199,0.0,0.0,0.0,67037.73961639137
2010-11-29,37540.31184793716,63713.37747001637,88772.6690326928,37540.31118582255,37540.312606135354,38914.46134117789,38914.46134117789,38914.46134117789,6485.726254323918,6485.726254323918,6485.726254323918,32428.735086853972,32428.735086853972,32428.735086853972,0.0,0.0,0.0,76454.77318911505
2010-11-30,37609.059783178425,63790.842773037184,88977.40988081692,37609.05906126634,37609.060596991585,38478.58590200748,38478.58590200748,38478.58590200748,6585.659019433769,6585.659019433769,6585.659019433769,31892.926882573713,31892.926882573713,31892.926882573713,0.0,0.0,0.0,76087.64568518591
2010-12-01,37677.80771841969,60093.0176885675,84510.66948810506,37677.80693816034,37677.80859452199,35036.962424385776,35036.962424385776,35036.962424385776,3837.4880344519747,3837.4880344519747,3837.4880344519747,31199.4743899338,31199.4743899338,31199.4743899338,0.0,0.0,0.0,72714.77014280547
2010-12-02,37746.55565366096,67716.85063671636,91801.00406657303,37746.55483026823,37746.556575911534,41671.84868636087,41671.84868636087,41671.84868636087,11316.404729928508,11316.404729928508,11316.404729928508,30355.443956432355,30355.443956432355,30355.443956432355,0.0,0.0,0.0,79418.40434002184
2010-12-03,37815.30358890222,56876.71503787438,82443.02262598625,37815.30271988869,37815.304572046014,31318.60364239008,31318.60364239008,31318.60364239008,1949.0960300753454,1949.0960300753454,1949.0960300753454,29369.50761231473,29369.50761231473,29369.50761231473,0.0,0.0,0.0,69133.90723129231
2010-12-04,37884.05152414349,26498.969942691205,51609.96459752892,37884.050609379425,37884.052588615785,1312.8105391298993,1312.8105391298993,1312.8105391298993,-26939.0791727301,-26939.0791727301,-26939.0791727301,28251.88971186,28251.88971186,28251.88971186,0.0,0.0,0.0,39196.86206327339
